기술,사회,문화,스포츠,경제,세계,정치
py체,대외고 통학차,스포X카,득점왕,기업수익,대선,국회
뉴욕 필름 페스,미세먼지,교향곡,MLB,배당,협약 이행,책 추진
아이펀팩`리,교황청,포퓰리즘,올림픽,경기침체,해상N력,소통 강화
왓x,항소심,불교,바셀로나,합병,정상회의,국회사무처
AI 업지능,파장,모z르트w,바르사 빌바오,부품주,美4中Z군사적 충돌,올림픽
넥슨,소상공인,전국리기대회,프로행,DR 브랜드,국제기구,김기식
tR B법,코로나 신확진,사진미술관,로골퍼,제조가동률,사드,정면돌파
5GX MES,사회서비스F,신간,탬파베이,간편결제,탄압,울시당
뇌종양,장학금,스kB,대표팀,사채,해외투자,외교안보수석
삼성전자,협약,한F+,유영준,투자,물열차,북핵실험
Galaxy,무급휴직,e림문학상,KB손보,실손보험료,북핵,러시아
면역,아이n 도용 방지,올림픽,KBO,정협의회,시위,개헌특별절차
OLED-디스플레이,대학 록금,S계사 개론서,선발투,주택연금,파업,북미 협상
DOI,특검,아리랑,타점,대한항공,관저,정국전략
스마트폰,질병관리,이중언S,SI 켈리,영업익,감시,의혹
디스플레이,Vc노조,글로벌 트렌드,경기대회,자금순유입,프랑스 노딜 브렉시트,후방테러
pWd 2018,영문운전면허증,오케스트라,이닝,증시,보관,전면전
Android Wear OS,F사무실,폐지,월드9U,산업생산,규정 위반,Z변0더G주
업그레이드,섬진강댐,아마토축제,결승,역세권,교황,브렉시트
5G,주52시간,베스트셀러,KBLC,특징주,평가서,GH당
갤럭시탭S,공정위,발레,3점포,매출,남중P해,탄핵
HG8플러스,교육청,채식주의,추신수,스마트팩토리,U입생,MOU
챗봇 빌더,감찰의혹,현대문학,최다안타,O스플7,바레인,Kz
SRT,모금회,호우경보,무실F,비트코인,반기문,최저임금
양자암호,부7교육청,한국,김(5·이강주TF.준,외국인투자,타협,상위
Nx^H에5J5G htW ~스트,처벌,인문학,멀티히트,공사비용,MBA,주체조직
페이북,지원,코믹콘,롯T KIA,출국금지,중국,고용
CES,EBS,연H 작가,월드컵,갤Sr,중오선제적,"장례, 국정경력"
무인화,민주언론상,유방편역,데이비스 커프,대부업,전투,당 대회
Gm2블p,경찰관 공채,육식 금지,승,환율,미네소타州,북비핵
U터월드S행성,0용 공고,전시,MUB 명예의 전당,유바이오로직,정치권,북평통
iPhone X,전국 평균,퍼펙트웨딩,LGU+,자회사 지분,브렉시트,북미정상회담
화이트 그래핀,급식,N데월드몰,류현진,주택금융,유엔,면담
기업형H,대구t대신동,도자기작품,드컵,5G 스마트폰,S리랑카,법안
LTE,3M증A발급,파크 조성,S시코,용료 인하,항법원,정개J사개_위
유튜브,유출,단독공연,맨유,자동차 업계,알카에다,남북_리허설
업무 효율,P이버O,본카,컬링,공급과잉,탈선,NSC
모바일홈+,LG k지,거창제연극제,7이닝,제조업 경기지수,유조선 공격범,새누리당
KTQ5,LNG 운송선,인류무형문화유산,부상,납품 계약,일본,반공화국
갤럭시노트7,석면,서울문고,성남,오리X,말라리아,공조강화
핵심 칩,시범 서비스,발레축S,EFL컵,대소액투자,H람M장,창업
선통신,감사원,조총~ ~부,사령탑,연결 영업익,사전 협의,투표안
애플,압수수색,서점,선수 몸값,지표,인터넷 명령,통령
고속인터넷,특별감찰,어린이날,출전,인하,무기,미핵제재
갤노트7,동기자회견,서재,두산 B용찬,실적,우라늄 분리기,5원
갤럭시S8V,여성 재업,LH 매각,강정호,락코피,프로농구연맹,문대통
빅스,어린이교통안전,HEV,KCC,전환사채,앱 개발,박대통령
갤럭시S8,토론,눈썰매,여자축구,3분기,핵OW,확새누리
5K,정책립,KA독불`군형,프야?,모바일결제,노벨상,대화
G0체H존PEF능,오보,호주한인극단,kt,나스닥,야권,징계
SKB,온천,만화3b,버츠 감독,FTT엔0l엔진,난민구조선,방지법
D차,파업,라라리시티벌,로크,계약,,최고위원 출마
LHEVK0,징역형,평화염원,트남 스즈키,한진그룹,,민주X#전선
디지털 콘텐츠,D인인증서,소광섭,아시안게임,코스닥,,핵g보X상hS
드론,차산업혁명위원,공동 활용,고려대중앙대 경기,F금융,,당사인
블록체인,개정안,애스턴마틴,국왕컵,토지가액,,대표
갤럭시폴드2,전파사용료감면,축제,왕웨이,원달러 환율,,국정원장
공지능,E산형,문학주간,도루,삼성SDSK3Co,,기동훈련
플랫폼,정책,그* 우Mi L니C·암J정복 연9기,보스턴,한진칼,,대통령
f+P 게임,정규직,골프대전,손흥민,경제,,긴급회의
5G 장비,배상땐,독립운동,샐러리캡,티비에이,,김종일문
올9,KBS,Q장료,농구 국가대표팀,업이익,,평화
AI,군필용 3량,입단,여자배G,규모성장,,북핵
패널업계,초미세먼지,한국 교향악단,4연승,한국은행,,고용여건
MWC,여행,제주,아시아선,유가,,한미훈련
네임,주택브랜드,서울 노포,팔카오,금리 적금,,초선언
DL네이버,유학,iNf리 {WE+D가w 이벤트,리그,카드,,선거구
속도평가,한국노총,음악회,MVP,황금연휴,,국정전환
광합성,사업안내,왕실다그,WS7,소세,,北조국통
신사업,공동 개설,산천어축,사직구장,송금업체,,평화 체제
말로하E,한국관광공사,,시범전,단기_입출금,,국감
x-공지능,금감원,,수영,플랜트설비,,_선 rh
넥슨지티,노선,,아시안게임즈,삼성9#오,,청년시 활용
V6시장,참사,,WK리그,중소기업,,여론조사
I.T 서비스,마케팅 클래스,,리베라,장사,,선포
UGD 시험 서비스,충북교육청,,연승,북한협력기금,,여야
삼성,탈출,,라이그,펀드,,개%절G R의장
앱,안종범,,롯데 자이언츠,부품판매,,국회설득
UTG6,방출,,강원제비날레,%↑,,한국총
LG V40,n상,,KB손보험 컵대회,신증권,,라더스 사태
기계학습,청년대학생 기자단,,야구장,아파트 매매 가격지수,,朴대통령
인공지능,규정,,롯데,부동산,,청문
PokémonGo,시내버스,,축구대표,원달 환율,,與텃밭
ZmS SCi앱,SNS,,이승원,개인투자,,심의
KIC6 유기태양전지,교육부교사노조연맹,,한일전,집값,,내각
DJI,산불 피해,,L리엄스,C영업이익,,E러방지법
공장,전철화,,여자농구,연결영업,,대안연대
갤럭시S1Z,한방,,V세,흑자,,대북 정책
폴더폰,리지침,,레알마드리드,L@nV3g,,여소야대
,청주공항,,kt wiz,분양,,한반도
,온라인 강좌,,영입,OV은행 신용대금리,,총선
,수능,,아시안컵,우증권,,이재명
,업무체결,,한국 야구,분기 실적,,워크숍
,격리시설,,축구연맹,,,중정E
,노조,,국제 양대회,,,개혁보수신당
,RV수업,,홈런,,,북중 6북제재
,골장,,강습회,,,민주당
,무역인,,농구,,,블랙리스트
,랜섬웨어,,삼성H재,,,새누리 원내대표
,사고업체,,프라구L수원,,,임명
,김학&U경Z일보,,귀화허가,,,부패
,IBK희망디자X,,IBK,,,더불어민주당
,과학기술,,계약,,,정무T석
,구성원,,베트남,,,민주연구원
,본교E,,챔스리그,,,탈북
,u부 직원,,ED,,,특별방송
,경찰의날,,축구,,,문대통령
,중Z재해기,,방북단,,,창조경제
,난개발,,현대캐피탈,,,예비후보
,국기문란,,K4O,,,선거 후보
,보통신산업진흥원,,로배구,,,교류
,저임금,,다저스,,,대통령재벌
,태워종합,,야구,,,한미
,블랙리스트,,바비 콕스,,,비서실장
,연구실,,프로농구,,,총재
,철거작업,,배구,,,당대회
,연구,,FIFA 월드컵,,,C안희정H'사
,패스트랙,,임대,,,남북 화
,인구,,아스널,,,김정은
,지역 언론,,연타,,,최순실
,등교,,F-홈런,,,의원
,충북교육,,G사,,,합의
,수주,,광주장,,,발표
,선물법,,s이중 완벽투,,,외교
,총장,,타율,,,청년정책
,단속카메라,,안컵,,,북한
,김영란법,,FTV4컵,,,결산보고
,심3간,,성취,,,
,유지지원,,AFC,,,
,봉사활동,,선수,,,
,세9호,,프로농,,,
,세계K인무역협회,,고선두,,,
,직언론인,,FC,,,
,논란,,실G,,,
,정부,,kkR,,,
,괴롭힘,,G5,,,
,조D·심의,,멀티골,,,
,독립기념식,,시구,,,
,토론회,,p-축구M인천,,,
,거제 E0 출입제한,,도전,,,
,지방자치단체,,두산,,,
,D식종&자,,프로야구,,,
,민간추진협의회,,루카쿠,,,
,LG화학,,,,,
