target,text
0,"'나의 아티스트, 나만의 색깔'  서울 시립 미술관 신규 전시 기대감 UP"
0,여름 맞이 '냉면 vs 비빔밥' 맛집 대결 당신은 어떤 선택
0,"'스타일 변신', 패션 트렌드 집중 분석  2023년 여름 인기 소품 대방출"
0,"'인생영화, 다시 한번' 오리지널 OST 반복 감상 이유"
0,독서 습관 형성 새롭게 출간된 베스트셀러 도서 추천 목록
0,"웹툰 신작 '블랙 로맨스', 화려한 판타지 세계관으로 팬을 사로잡아"
0,'고궁 야경 밤 산책'  유럽 분위기 만끽하는 서울 여행 코스 공개
0,"'가짜 대통령', 시청자들의 반전과 호기심 자극"
0,"한국의 전통 의상, '한복'이 세계 패션 쇼를 장식"
0,"'K팝 콘서트', 해외 팬들의 열광적인 응원으로 대성공"
0,'건강한 식단'을 위한 영양 전문가 팁 공개 저녁 메뉴 레시피도 함께
0,"'자세 교정', 스트레스 해소와 건강 증진에 효과적인 방법 알려드립니다"
0,"'혼밥 문화' 확산, 맛집 추천 및 조리법 비법 공유"
0,"'서울 노래방', 최신 음악 유행과 댄스 동작에 빠져들다"
0,"'전국 대학교 축제', 열정적인 학생들의 활기찬 분위기 담아"
0,"'K드라마', 사랑과 스릴을 동시에 선사하는 최신 작품 분석"
0,"'세계 유산, 국립 박물관 견학', 역사와 예술의 매력을 만끽하세요"
0,"'자동차 추천 프로그램', 최신 자동차 모델 비교 분석 및 소비자 리뷰"
0,"'국내 영화, 시사적 주제를 담은 작품'  사회 문제에 대한 감각적인 전달"
0,"'공연 예매 안내', 최신 연극 및 음악 공연 정보 제공"
0,"'대중음악 페스티벌', 다양한 장르의 음악을 만끽하는 즐거움"
0,"'독서 모임 참여', 새로운 친구를 사귀고 취미생활도 풍요롭게"
0,"'수제 비누 만들기', 실력을 발휘하는 즐거움과 독특한 향의 만족감"
0,"'전통 차 시음회', 다양한 한국 전통차에 대한 새로운 경험"
0,"'자연 속에서 휴식, 힐링 여행지 추천"
0,"'도시 관광 코스 제안', 역사와 문화가 어우러진 매력적인 도시를 만나보세요"
0,"'맛집 탐방, 지역 특산물 요리 즐기기"
0,"'패션쇼 관람', 최신 트렌드와 유행을 경험하고 감상하세요"
0,"'만화 원작판, 팬의 눈높이 맞춘 소재 다양화"
0,"'공동체 활동 참여', 지역 주민과 함께하는 공감대 형성"
0,"'국제 영화제, 세계 최고의 작품들이 모이는 무대'"
1,"SSG, 김혜성의 홈런으로 KIA에 승리"
1,"전북, 아시아전 2연패 위해 최후의 필사적 노력"
1,"양파야구 선수들, '손흥민'과의 만남에 설렘"
1,"한국 축구 국가대표팀, FIFA 월드컵 예선 승격 목표 위해 총력 박기"
1,리그 우승을 향한 치열한 경쟁 챔피언십 결정전 최고의 선수들의 대결
1,"KBL 신장팀, 강력한 영입 전략으로 시즌 초반 주목받아"
1,이강훈의 100% 완벽 3점슛 '불꽃' 농구 대결
1,"한국 배구 국가대표팀, 아시안컵 준우승"
1,"'골든슬라이더' 김정수, 골프 월드 챔피언십 우승"
1,2034년 올림픽 개최권 선정 한국 도시의 기회와 도전
1,"KBO 리그, 새로운 시즌 시작 팬들의 기대를 품은 선수들과 코칭 스타프"
1,"축구 클럽 전설적인 코치의 복귀, 새로운 승리 도약"
1,젊은 투수들의 등장 KBO 리그의 변화와 미래
1,MLB 최고의 베테랑 선수들과 흥미진진한 전략적인 경기 진행
1,"'레드팀' 주타수, 팬들을 사로잡는 실력 KBO 리그의 새로운 히어로"
1,농구 유망주들이 뜨거운 경기장에서 자신의 가치를 증명
1,"수많은 관중들의 화려한 응원, KBO 리그의 열정적인 분위기"
1,"한국 프로야구 선수, 해외 메이저리그 진출 새로운 도전 시작"
1,'챔피언십' 주목 올해 가장 강력한 경쟁이 시작되다
1,"한국 배구 꿈꾸는 아이들, 열정적인 실천으로 세계무대 향하여"
1,KBL 시즌 최고의 골 아웃 팀과 팬들의 기쁨을 선사하는 선수들
1,'골키퍼' 최상의 실력으로 관중들을 매료시킨 경기
1,"야구 스타 레전드, 그의 팬들은 영원히 기억할 것이다."
1,'인터내셔널 게임'에서 한국의 우수한 선수들이 세계적인 경쟁력을 보여준다.
1,"새로운 훈련 방법, 선수들의 능력 향상에 큰 영향을 미치고 있다."
1,영국 프리미어 리그의 화려한 경기와 팬들을 사로잡는 스피드
1,"축구 스타들의 꿈, 세계 최고의 선수가 되기 위한 여정"
1,"여성 축구 선수들, 더 많은 관심과 사회적 인정을 얻고 있다."
1,'독일 챔피언십'에서 한국 선수들의 빛나는 활약
1,"'나이키'와 '아디다스', 최신 스포츠 기술을 경쟁하는 기업들"
1,"한국 스포츠, 글로벌 시장에서 더 큰 성공을 거두고 있다."
1,'올림픽'의 역사와 의미를 되새기며 선수들의 희생과 노력에 감탄
1,동영상 게임 전 세계 인기를 얻고 있고 e 스포츠 경쟁이 더욱 활발해지고 있습니다.
1,"'심리전'의 중요성, 운동선수들의 성공에 필수적인 요소"
1,"한국 대학교 팀, '우승 기회' 새로운 스타들과 전략을 발휘"
1,"'전국대학야구대회', 최고의 선수들이 경쟁하며 열정적인 분위기"
1,인공지능 기술이 스포츠 분석에 활용되면서 새로운 시대가 도래
1,'장애인 스포츠' 선수들의 용감한 정신과 열정
1,"대한민국 스포츠, 세계 무대로 진출하며 국제적인 경쟁력을 높여가고 있다."
1,'다이빙 대회'에서 한국 선수들의 아름다운 기술과 뛰어난 점수
1,"2024년 파리 올림픽 개최, 세계 각국의 선수들이 새로운 역사를 만들기 위해 열정적으로 준비 중이다."
1,'프로 스포츠'와 '아마추어 스포츠'의 경계가 모호해지면서 새로운 운동문화가 형성되고 있다.
1,"'온라인 스포츠 팬 커뮤니티'가 활발하게 성장하고 있으며, 선수들과 팬들의 연결고리가 더욱 강화되고 있다."
3,"대법원, '학교폭력 피해 학생 보호 강화' 법안 확정"
3,"노동조합 압박에 삼성, 임금 인상 합의  새로운 노동 관계 시대 도래"
3,자동차 사고 증가 우려…교통안전 강화책 추진
3,"지방세 확대 논란, 지역 주민들 반발  '부담 경감' vs '기반 구축' 갈등 심화"
3,"'불법 녹취 사건', 검찰 수사 확대  언론 자유 vs 개인정보 보호 충돌"
3,"환경 오염, '청년 세대'에 심각한 영향  건강 악화와 미래 불안"
3,"'코로나19', 신종 변이 바이러스 감염 확산 우려  사회적 경계 강화 필요성 증폭"
3,가격 상승 심각…'고물 시대' 도래  소비자 불안감 고조
3,"'AI 기술', 일자리 생산과 공급 중 대두  미래 직업 변화에 대한 준비 필수"
3,"인구 감소 문제, '취약 계층' 악화 우려  사회적 안전망 확대 필요성 재점검"
3,"'지역 빈곤 지역', 부동산 가격 하락 심각  경제 활력 저하 심화"
3,"'아동 학대 사건' 증가, 사회적 관심 고조  '안전한 환경 조성' 노력 강화"
3,"'다문화 사회', 갈등 관리 문제 심각  소통과 이해를 위한 노력 필요성 재고"
3,"'여성 고용 불평등', 해결책 논의 활발  성별 간 역할 분담 개편 필요성 증대"
3,"식품 안전 문제, 소비자 불신 가중  '기업 책임 강화' 및 '제도 개선' 주요 과제"
3,"'IT 기술', 의료 분야에 적용 확대  'AI 진단'과 '원격 진료' 등 혁신적인 변화 예상"
3,"'교육 정책', 미래 사회 변화 대비 필요성 강조  '창의력'과 '응급적 적응력' 함양"
3,"경제 불황, '소득 격차' 확대 우려  사회 통합 노력 필요성 부각"
3,"'기후 변화', 해당 국가 기업과 개인의 책임 강조  지속 가능한 발전 방안 모색"
3,"'군비 경쟁', 국제적 갈등 심화 우려  '평화로운 해결' 노력 필요성 강조"
3,"'인공지능 윤리', 사회적 논의 활발  '책임과 감시 시스템' 구축 필요성 증대"
3,"'데이터 보안', 개인 정보 노출 우려 심화  강력한 보호 조치 및 국제 협력 필요"
3,"'세계 팬데믹', 새로운 위험 요소 대비 필요성 증대  '국가 간 공동 노력'과 '지역 사회 지원' 강조"
3,"'신종 바이러스', 감염 확산 우려  '예방 접종' 및 '격리 조치' 강화 필요"
3,"'국제 협력', 전 세계적인 문제 해결 위한 필수 요소  '공동 노력'과 '합의'를 통한 해결 방안 모색"
3,"'글로벌 불평등', 심각성 고려 및 해결책 논의 필요  사회적 책임 강조"
3,"'미디어 리터러시', 오바이 정보에 대한 비판적 사고 필수  '진실 확인'과 '소통 경험' 기르기"
3,"'지속 가능한 발전', 환경 보호와 사회 발전의 조화로운 발전  '책임감 있는 생활 방식'과 '제도 개선' 필요"
3,"'디지털 격차', 해소 위한 노력 필요  정보 접근성을 확대하고 디지털 역량 강화"
3,"'인권 보호', 시민의 기본 권리를 존중하며 사회적 평등 추구  '차별과 억압'에 대한 반대"
3,"'자유 언론', 정보의 자유로운 유통과 다양성을 위한 노력 필요  '진실과 공정성'을 기반으로 한 보도 활성화"
4,"AI 인공지능, 드론과의 연동으로 농업 생산성 혁신"
4,"메타버스 플랫폼 구글, VR/AR 기술로 새로운 경험 선사"
4,"5G 네트워크, 차세대 IoT 시대 열망 속 저주받는 빛나는 미래"
4,"암호화폐 시장 변동 심화, 이더리움 가격 하락은 FTX 사태 영향"
4,"인공지능 기반 의료진 육성, 질병 진단 정확도 향상"
4,"자율 주행 기술 발전, 자동차 산업 전환점 도래"
4,"블록체인 기술 활용, 공급망 투명성 확보 및 부정 행위 방지"
4,"빅데이터 분석, 소비자 맞춤형 마케팅 솔루션 제공"
4,"클라우드 컴퓨팅, 기업 데이터 저장 및 활용 새로운 가능성 열다"
4,"음성 인식 기술 발전, 스마트 홈 장치 통제의 편리함 증가"
4,"실시간 번역 앱 확산, 글로벌 소통 장벽 해소"
4,"AR/VR 기술 활용 교육, 몰입형 학습 경험 제공"
4,"3D 프린팅 기술 활용 의료 분야 혁신, 인공 장기 제작 가능"
4,"사이버 보안 강화 필요성 증대, 사이버 공격 대비 방어 시스템 구축"
4,"스마트폰 카메라 성능 향상, 휴대용 광학 기기 경쟁 치열"
4,"태양광 발전 기술 발전, 친환경 에너지 생산 확대"
4,"로봇 공학 발전, 산업 자동화와 인공 지능 상호 작용"
4,"소셜 미디어 플랫폼 알고리즘 개선, 사용자 맞춤형 콘텐츠 제공"
4,"인터넷 오브 씽스 (IoT) 기술 확산, 스마트 시티 구축 가속화"
4,디지털 환경에서의 개인 정보 보호 중요성 부각
4,"나노기술 활용 새로운 소재 개발, 미래 산업 혁신 기여"
4,"비행 자동차 기술 연구 진행, 미래 교통 시스템 변화 예고"
4,"디지털 자산 관리 플랫폼 등장, 새로운 투자 방식 확대"
4,"전 세계적으로 5G 통신망 구축 활발히 진행 중, 한국은 선두 주자"
4,"AI 기반 의료진 지원 시스템 도입, 질병 진단 정확도 향상"
4,"인공지능 기술로 자동차 안전성 제고, 사고 예방 가능"
4,"블록체인 기반 디지털 신원 증명 시스템 도입, 사이버 보안 강화"
4,"디지털 혁신 주도하는 스타트업, 새로운 기술 분야 등장 예상"
4,"자율주행 자동차 기술 경쟁 심화, 차세대 교통 시스템 변화"
4,"빅데이터 분석으로 맞춤형 교육 방식 도입, 학습 효과 증진"
4,"사이버 공격 대비 규제 강화 필요성 증대, 개인 정보 보호 노력 확산"
4,"3D 프린팅 기술 활용 의료 분야 혁신, 맞춤형 치료 가능"
4,"음성 인식 기술 발전, 스마트 기기를 더 편리하게 사용"
4,"메타버스 플랫폼 구글, VR/AR 기술로 새로운 경험 선사"
4,5G 네트워크 확산으로 스마트 도시 구축 가속화 예상
4,"AI 기반 맞춤형 교육 프로그램 개발, 학습 효율성 증대"
4,"클라우드 컴퓨팅 기술 활용, 데이터 저장 및 처리 용량 확장"
5,"KB금융, 신규 모바일 대출 상품 '카카오뱅크' 출시"
5,"국내 주식 시장, 긍정적 감각 확산… 코스피 지수 상승세 계속"
5,"삼성전자, Q2 매출 신규 고액 달성... '갤럭시 Z플립5' 성과 눈길"
5,"국민연금, 투자 수익률 4% 목표… 글로벌 시장 불확실성 속 적극적 경영 전략"
5,"LG전자, '올레드 TV' 독점 공급 계약 체결… 스마트 홈 플랫폼 확대"
5,"우리은행, 자율주행 시스템 투자 확대… 금융 산업 혁신 선도"
5,"한화투자증권, 5G 기반금융 서비스 플랫폼 구축 계획 발표"
5,"네이버 지식인, AI 기반 금융 상담 서비스 출시… 투자 전략 지원 강화"
5,"카카오뱅크, 금리 인상에도 대출 성장… '새로운 소비층' 확보 노력"
5,"신한은행, 디지털 전환 가속화… '금융혁신센터' 신설 및 벤처 기업 지원 확대"
5,"SK텔레콤, 5G 기술 활용 부동산 서비스 개발…"
5,"현대자동차, 전기차 판매량 폭증… '쏘렌토 EV' 성공적인 시장 진출"
5,"우리은행, 미국 정부 발행채권 매입…"
5,"코스피 지수 2,500점 돌파… 투자 시장 활성화 전망"
5,"한국의 경제 성장률, OECD 평균을 상회…"
5,"금리 인상에 대한 소비 심리, 어둡게…"
5,투자 유치 활성화 위한 정부 정책 확대… 새로운 산업 육성
5,"글로벌 경기 위축 우려 속 한국 경제, 안정적인 성장…"
5,불황 전망에 대한 국민 불안감 증가… 정부의 경제 재건 노력 필요성 대두
5,"국내 여행 시장, 급성장…"
5,"Kpop 팬덤 구매 활동, 한국 경제 성장에 기여…"
5,"NFT 기술 적용, 새로운 사업 모델 창출… 미래 경제 변화"
5,"인공지능 활용, 제조업 자동화 추세… 노동 시장 변화 전망"
5,금융 기술 발전에 따른 데이터 보안 중요성 강조… 개인정보 수집 및 활용 윤리 논의
5,디지털 환경 속 소비 패턴 변화… 온라인 플랫폼 경쟁 심화
5,국내 핀테크 산업 성장세 지속… 새로운 금융 서비스 혁신
5,"녹색 기술 투자, 기후 변화 대응 및 지속 가능한 경제 발전 도모"
5,"ESG(환경, 사회, 지배구조) 투자가 주목… 기업의 책임감 강화 필요성 증대"
5,"메타버스 시장 확대, 새로운 소비 및 경제 활동 공간 형성"
5,시행착오 속 디지털 유통 채널 변화… 온라인 판매 플랫폼 경쟁 심화
5,"사이버 보안 위협 증대, 디지털 시대 정보 안전 필수"
5,"불확실한 글로벌 환경 속 한국 경제, 대응 전략 수립 필요성 강조"
5,세계 금융 시장 변동성 확대… 국내 투자 자금 관리 철저 필요
5,"글로벌 공급망 혼란, 한국 경제에도 영향…"
5,소비 심리 회복에 따라 주택 시장 활성화… 부동산 가격 상승 전망
5,국내 여행 시장 성장… '안전하고 즐거운' 여행 선호 증가
5,새로운 기술 도입에 따른 일자리 창출 가능성…
5,AI 기반 금융 서비스 확대… 투자 자문 및 리스크 관리 지원 강화
5,"블록체인 기술 적용, 비즈니스 프로세스 효율성 향상…"
5,디지털 전환 가속화에 따른 새로운 기회 창출… 한국 경제 경쟁력 강화
5,"전기차 시장 확대, 친환경 기술 발전…"
6,"美中 trade war, 한국경제에 영향 전문가 분석"
6,"북한 미사일 발사, 국제 사회 분열 심화"
6,"EU Brexit 협상 재개, 불확실성 커짐"
6,"인도중국 충돌 지역, 군비 경쟁 가속화"
6,"러시아 감염병 확산, 세계보건기구 경고"
6,"아프리카 식량난 심각해짐, 국제적 지원 필요성 증대"
6,"영국 엘리자베스 여왕 서거, 세계 각국의 애도"
6,"멕시코 마약 카르텔, 미국과의 경쟁 심화"
6,"Бразилия 인종차별 논란, 우등주의 분위기 심각해짐"
6,"중국의 코로나19 확산 둔화, 세계 경제 회복 기대감 증가"
6,"스페인 태풍 피해, 유럽 국가들의 지원 물량 증송"
6,"일본 해저 화산 활동, 주변 국가 대피령 발표"
6,"독일 자동차 산업 침체, 경기 부진으로 전망 악화"
6,"프랑스 노동자 파업 지속, 정부와의 갈등 심화"
6,"아제르바이잔아르메니아 분쟁 재개, 국제 사회 우려"
6,"이스라엘팔레스타인 분쟁, 평화 협상 지체"
6,"미국 대선 후보 경쟁 치열해짐, 세계 정치 향방 불투명"
6,"오스트레일리아 자연재해 피해 심각, 세계적 지원 요청"
6,"뉴질랜드 코로나19 재확산, 새로운 변이 우려"
6,"터키 이슬람 국가 전격 선포, 국제 사회 논란"
6,"스웨덴 여성 리더십 증대, 세계적인 사회 진보 사례"
6,"캐나다 법률 개혁 추진, 인권 보호 및 사회 정의 강화"
6,"필리핀 경제 성장 둔화, 전 세계 경기 불확실성 증가"
6,"인도 태평양 주변 영역 확대, 국가 간 갈등 심화 우려"
6,"남아프리카 공화국 인종차별 문제 지속, 사회 불안감 고조"
6,"태일 콜롬비아 카르텔 파괴, 마약 거래 사슬 단절"
6,"중동 지역 평화협상 실패, 새로운 갈등 발생 우려"
6,"한국, 세계 경제 혼란 속에서 안정 기반 강화"
6,인도양 지역 주요 국가들 간 군사력 증강 심화
6,에너지 가격 상승으로 전 세계 경제 위기 가능성
6,"AI 기술 개발 경쟁 심화, 국제 사회 윤리적 논의 필요"
6,"유엔, 글로벌 기후 변화 대응 협력 강화 추진"
6,국제 감염병 관리 및 예방 체계 강화 필요성 증대
6,"미래 도시 계획 발전, 지속 가능한 개발 방향 설정"
6,사회적 평등 확보 위한 국제 노력 기울여야 함
6,다양한 문화 이해 증진을 통한 세계 평화 구축
1,"김혜수, K리그 역대 최다 골 기록 경신"
1,"손흥민, 프리미어 리그 득점왕에 다시 한번 도전"
1,"한국 축구 국가대표팀, 2026년 월드컵 아시아예선 무료 승격"
1,"프로야구 시즌 개막 KIA Tigers, 새로운 해에 우승 가능성 높아"
1,"르브론 제임스, NBA 역대 득점 왕 기록 달성"
1,"김동환 주장이 이끄는 SK 와이번즈, 프로배구 LCK 우승 목표 "
1,대한민국 아르헨티나 대결 월드컵 예선을 위한 최후의 승부 
1,NBA 정규 시즌 마무리 밀린 선수들의 활약이 주목받는다.
1,"골프 대회, 라이언 웨스트우드가 우승"
1,축구 월드컵 예선 진출 한국팀의 위험한 순간
1,"트랜스퍼 시즌 시작 유럽 축구계, 스파르타와 레알 마드리드의 새로운 거래"
1,"배구 월드컵 예선 대결 한국팀, 상대 압도적인 승부"
1,이동국 장수 선수 은퇴 발표 프로야구 최고의 베이스
1,"2024년 하계올림픽 개최지 선정 프랑크푸르트와 도쿄, 치열한 경쟁"
1,박세리 선수 기록 깨뜨린 MLB 시그너티어 전략
1,프리미어 리그 시즌 최고의 골 손흥민을 비롯한 K리그 스타들의 활약
1,"KBL, 새로운 규칙 도입으로 경기 재미 UP"
1,"한국 프로야구, 외국인 선수 영입에 대한 논란 팬들의 반응은"
1,MLB 드래프트 결과 발표 새로운 스타의 등장이 기대된다.
1,"2024년 올림픽, 한국 선수 희망 대상목록 공개"
1,"아시아 게임 개최 한국팀, 메달 수확에 초점"
1,E 스포츠 성장세 지속 새로운 eSports 선수 발굴 캠페인 진행
1,"2024년 UEFA 유로파리그 최종전, 아틀레틱 빌바오와 바르셀로나의 대결"
1,"한국 프로농구, 새로운 시즌 개막  새로운 스타 선수들의 등장"
1,NBA 정규 시즌 중반 전망 경기 상황 변화와 팀별 분석
1,코리안 배드민턴 올림픽 대표 선발  결정 및 선수들 예상
1,"2024년 아테네 오데세아 육상 대회, 한국 선수들의 성적 기대"
1,UFC 최고의 격투사가 선정됩니다
1,"한국 스피드스케이팅 국가대표팀, 세계 선수권 대회에서 금메달 목표"
1,FIFA 여자 월드컵 진출 한국 여자 축구팀의 새로운 도전 시작
1,"2024년 하계올림픽, 한국 선수들의 메달 획득 가능성 높아짐"
1,KBL 해외 진출 계획 발표 K League의 새로운 전망
1,"축구 월드컵 개최국 선정 결과, 아프리카가 우승"
1,새로운 스포츠 게임 출시 기대감 UP
1,"2024년 콜롬비아 세계 주니어 축구 대회, 한국팀의 역대급 성적 목표"
1,수영 월드컵 개최 한국 수영 선수들의 활약 기대
1,"프로야구 챔피언 결정전, 두 명의 주자들이 화려한 홈런을 날린다"
1,"손흥민 선수, 프리미어 리그에서 역대급 골망 공격"
6,"美중 갈등 심화, 한반도 상황에 불안감 고조"
6,"유럽 천연가스 수급 위기, 에너지 가격 폭등"
6,"EUUK FTA협상 재개, 양국 무역 활성화 기대"
6,"일본 내각 총리 후보 선정 논란, 정치적 불안 고조"
6,"우크라이나 전쟁 지속, 국제 사회 분위기 악화"
6,"중국, 탈공산주의 경제 시스템 도입 논의 확산"
6,"인도파키스탄 갈등 심화, 테러 위협 증가"
6,"브라질 환경 보호 정책 강화, 아마존 열대 우림 재생 추진"
6,"아랍 국가 대표 회의 개최, 중동 평화 프로세스 논의"
6,"오스트리아 총선 결과 발표, 신임 정부 구성 시작"
6,"러시아 원자력 기술 보급 확대, 국제 사회 우려 고조"
6,"남아프리카 공화국 인플레이션 심화, 경제 위기 조짐"
6,"캐나다 정부, 환경 보호 목표 달성 위한 정책 강화"
6,"남태평양 국가들, 해양 협력 강화 위해 회의 개최"
6,"멕시코, 긴급 상황 대비 노력 강화, 자연 재해 피해 최소화"
6,"터키 정부, 코로나19 팬데믹 이후 경제 복구 방안 수립"
6,"이탈리아 총리, 유럽 연합 내 안보 협력 강화 주장"
6,"영국 정부, 국내 노동 시장 개혁 위한 법안 발의"
6,"스웨덴 기업, 지속 가능한 경영 방식 도입 확대"
6,"인도네시아 정부, 아시아 국가들과 경제 협력 강화 위한 노력"
6,"칠레 사회운동가, 환경 보호를 위한 대규모 시위 진행"
6,"핀란드 정부, 디지털 전환 기반 사회 경제 모델 구축"
6,"프랑스 문화산업, 국제적 영향력 강화 추세"
6,"호주 정부, 첨단 기술 분야 투자 확대"
6,"독일 자동차 산업, 전기차 개발 우위 확보 위한 노력 강화"
6,"벨기에 외교 부서, 국제 평화 유지 활동 확대"
6,"스페인 정부, 관광산업 회복을 위한 지원책 추진"
6,"헝가리, 코로나19 팬데믹 이후 경제 복구 가속화"
6,"스위스 정부, 금융 시스템 안정성 유지 위한 조치 강화"
6,"노르웨이 해양 개발 기술 선도, 국제적 경쟁 우위 확보"
6,"덴마크 정부, 지속 가능한 발전 목표 달성 위한 노력 강화"
6,"아일랜드, 투자 유치를 통한 경제 성장 추진"
6,"폴란드 정부, 군사적 역량 강화 노력 지속"
6,"룩셈부르크, 디지털 기술 분야 선도적인 국가 목표"
6,"네덜란드, 아카데믹 연구 투자 확대를 통한 과학기술 발전 추진"
6,"그리스 정부, 관광 산업 활성화 위한 정책 시행"
6,"아일랜드, 디지털 기술 분야 선도적인 국가 목표"
6,"핀란드, 코로나19 팬데믹 이후 경제 회복 가속화"
6,"카자흐스탄 정부, 지속 가능한 발전 목표 달성 위한 노력 강화"
6,"대한민국, 국제 사회에 한국식 기술 공유"
2,"총리 '핵심과제는 경제 일자리 창출', 국민소통 강화 약속"
2,"지방선거, 자율주권 논쟁 심화… 지역 주민 참여 확대 시도"
2,野당 '정부 인사 비밀조치' 반발… 야당 공세 고조
2,"국회 본교육위원회, 대학입시 부패 사건 심리 강화"
2,미중 갈등 악화… 외교적 노력 지속 중
2,개인정보보호법 개정안 국회 전격 처리… 논란 분자 촉발
2,"녹색 정책 추진, '기후변화 대응' 주요 목표"
2,사회복지 제도 강화 필요성 재점검… 사회적 약자 지원 확대
2,최근 국민 만족도 하락… 정부 실효성 검토 시급
2,시민참여 기반 의회 운영 논의… 소통 증진 위한 노력 지속
2,"새로운 법안 제정, '인공지능 윤리' 중심"
2,"선거법 개혁 논쟁, 정치개혁 동반 추진 필요성 제기"
2,해외 원자력 안전 시스템 공유… 국제협력 강화 노력
2,탈세 범죄 예방 및 처벌 강화… 세금 의무 준수 장려
2,국가균형발전 전략 추진… 지역 경쟁력 제고 위한 정책 마련
2,"경제 성장 동력 확보, '투자 유치' 주요 과제"
2,산업 구조 변화 대응… 혁신 기술 도입 시대
2,국가 안보 강화… 군사력 증강 및 국제협력 활성화
2,북한 문제 해결을 위한 다자간 협상 지속… 평화적 분위기 조성 노력
2,여러 분야 정책 개선 필요… 과도한 행정 심플리파이게이션 논란
2,국민 건강 증진 위해 의료 서비스 질 향상 노력
2,교육 시스템 개혁 추진… 학생 맞춤형 교육 모델 도입
2,문화 예술 발전을 위한 투자 확대… 창조 경제 육성
2,"스마트 도시 건설, '지속가능한 개발' 목표로 추진"
2,정보통신 기술 발전… 디지털 환경 적응 및 윤리적 가이드라인 마련
2,기후 변화 대응을 위한 국제 협력 강화… 지구 온난화 방지 노력
2,생명공학 연구 진행… 새로운 의료 기술 개발
2,다양성 존중 사회 구축 위해 정책 마련… 차별 및 편견 해소 노력
2,국가 이미지 제고를 위한 국제적 위상 강화 노력
2,지속 가능한 발전을 위한 공공 서비스 개선… 시민 만족도 향상
2,혁신과 성장을 위한 정책 과제… 지식 기반 경제 구축
2,국가 안보와 국익 보호 위해 노력 지속… 외교 활동 강화
2,사회적 불평등 해소를 위한 정책 추진… 모든 국민의 권리 보장
2,"정보 접근성 확대, 민주주의와 자유 시민 의사결정 기회 증진"
0,"전국 영화관, '신입사원' 흥행세에 눈부시다"
0,"K팝 아이돌 그룹, 해외 팬들과 온라인 콘서트 개최"
0,"김혜수, 드라마 복귀작으로 화제 집중"
0,"전통 무용단, 해외 투어로 한국 문화 알립니다"
0,"신예 작가 데뷔 소설, 베스트셀러 차트 석권"
0,"국립극장, 국내 최고 배우들의 감동적인 연기 선보이네요"
0,"뮤지컬 '햄릿', 현대적 해석으로 관객 반향 불러일으키다"
0,전시회 '한국 아름다움'에서 한국 미술의 매력 발견
0,"아카데미 시상식, 한국 영화 수상 기대감 높아져"
0,"젊은 예술가들의 창작 활동, 문화계 새로운 가능성 제시"
0,"인공지능 기술 활용, 미래예술의 경계 넓혀간다"
0,"전통 문양 디자인을 활용한 의류, 트렌디함과 전통성 조화"
0,"독립 영화제 성장, 한국영화 시야 확장에 기여"
0,"한국 음악, 세계 무대에서 새로운 화려함 선보이다"
0,"전통 놀이 체험, 도시민들의 여가 활동을 풍요롭게"
0,"문화예술교육, 21세기 시대 주도하는 인재 양성에 중요"
0,"한국의 전통 음식, 세계인에게 사랑받는 맛의 진정성"
0,"소셜 미디어 활용, 문화 콘텐츠 확산과 교류 증진"
0,"문화예술 다양 화가 즐기는 도시, 창조적인 에너지 넘치네요"
0,디지털 기술과 문화 예술의 조화로운 발전
0,"국내 대형 박물관 확장, 한국 문화 유산 보존 및 전파"
0,"인공지능 음악 작곡, 새로운 사운드와 가능성을 제시"
0,"한국 영화의 세계적 인정, 국제 Film Festival에서 수상 기록 달성"
0,"예술가들의 사회참여 활동, 문화와 공동체 발전에 기여"
0,"문화 콘텐츠 경쟁력 강화, 한국 예술을 세계 무대에 선보이다"
0,"한국 전통 축제, 세계인들에게 한국의 매력을 알리는 중요한 수단"
0,"디지털 아트, 새로운 예술 표현 방식으로 관객들의 감동 사로잡네요"
0,"문화예술 공간 개척, 지역 사회 활성화에 기여"
0,"한국 전통과 현대가 만나는 문화 트렌드, 새로운 시각을 제시"
0,"Kculture 확산, 한국의 문화적 영향력 강화"
0,"문화재 보존 및 해외 유출 방지 노력, 한국 문화유산 지속 가능한 발전을 위한 전략"
0,"문화 정책 변화, 예술계 활성화와 창작 활동 지원 필요"
0,"온라인 플랫폼 활용, 문화 콘텐츠 접근성 확대 및 국제적 교류 증진"
0,"문화예술 교육의 중요성 강조, 미래 세대를 위한 핵심 역량 함양"
0,"한국 문화 예술, 세계 무대에서 새로운 기회 창출"
0,"인공지능과 데이터 분석 활용, 문화 콘텐츠 제작 효율성 증대"
0,"문화예술 공간 확충, 예술가 지원 및 다양한 프로그램 개발"
0,"국제 문화 교류 확대, 한국의 문화적 다양성 보급"
0,"한국 전통 음악의 세계적 인정, 국제 무대에서 새로운 시각 제시"
4,"인공지능, 미래의 의료진으로서 새로운 가능성 열다"
4,"빅데이터 분석 기술 활용, 개인 맞춤형 교육 시스템 구축"
4,3D 프린팅 기술 발전으로 생체 기관 제작 가능
4,"우주 탐사, 인간의 지식을 넓히고 우주 역사 재정립"
4,5G 통신망 확대로 차세대 IoT 시대 도래 예상
4,"양자컴퓨팅 기술, 복잡 계산에 혁명 가져올 전망"
4,"스마트폰 카메라 성능 향상, 새로운 영상 콘텐츠 창출 가능성 증가"
4,"블록체인 기술 적용, 정보 보안 및 투명성 강화"
4,로봇 자동화 기술 발전으로 산업 효율성 증대
4,"실시간 번역 기술, 글로벌 소통 장벽 해소에 기여"
4,"나노기술 활용, 의료 분야에서 치료 효과 극대화"
4,"생명공학 연구, 질병 치료 및 노령 인구 증가 문제 해결 위한 전망"
4,"재생 에너지 기술 발전, 기후 변화 대응 위한 새로운 해법 제시"
4,음성인식 기술 발전으로 자연어 처리 시스템 발전 가속화
4,"VR/AR 기술 활용, 교육 및 엔터테인먼트 분야 혁신 도모"
4,"드론 기술 활용, 항공 사진 촬영 및 물류 효율성 향상"
4,"사이버보안 기술 강화 필요성 증대, 해킹 사건 예방 위한 노력 지속"
4,"인터넷 오브 싱스(IoTs) 시장 성장, 스마트 홈 및 도시 개발 추세"
0,"'불멸의 자리' 흥행 지속, 이제까지 대박 작품들과 비교"
0,고성능 스포츠카 3대 추천 시각적 매력에 더해 성능까지 만족시켜줄 차
0,"한국의 아름다움, 국립공원 투어로 감상하세요  경주 불국사 & 설악산 명소 탐방"
0,2023년 입대 예정 인기 맛집 랭킹 TOP5와 신규 개점 매장 정보
0,"여름 패션 트렌드, '빈티지'가 돌아오다  유명 스타일리스트 인터뷰 분석"
0,"올해 가장 인기 있는 영화 OST, 당신의 취향에 맞춰 추천"
0,'한국 최고의 자동차 브랜드' 선정 2023년 대세 차량 리뷰
0,서울 지하철 이용객 증가 오늘 교통 상황 실시간 확인
0,'행복이 가득한 여행지' 추천 2023년 여름 휴가 가이드
0,"'눈을 사로잡는 디저트' 맛집 탐방, 인기 브랜드 대결"
0,올해 가장 트렌디한 패션 스타일 분석 유행하는 아이템 정리
0,"'뜨거운 관심 받는 공연' 현장 감상, 2023년 최고의 연극 추천"
0,베스트셀러 책 소개 당신을 위한 지금 바로 읽어봐야 할 도서
0,'한국 웹툰' 국제 무대 강타 주목해야 할 작가와 작품들
0,"한국 역사 유적지 탐방, 고대 신라의 비밀을 밝혀내다"
0,'불교 의식' 이해하기: 불교 전통과 현대 사회의 교감
0,"주간 기상 예보, 여행 계획 세우기 전 꼭 확인하세요"
0,'카페 음악' 선곡: 당신의 분위기에 맞춰 최고의 선곡
0,"'2023년 새로운 미술 유행' 살펴보기, 대표 작가와 작품 소개"
0,'KPOP 뮤직비디오' 분석: 한국 음악의 세계적 인기를 탐구
0,"'부모 교육자료' 제공, 아이들과 함께하는 행복한 시간"
0,'독서 모임' 안내: 새로운 취미 찾고 싶다면
0,'애니메이션 영화' 소개: 온 가족이 함께 즐길 수 있는 작품들
0,"'음악 레슨' 신청, 당신의 음악적 재능을 발휘하세요"
0,'현대미술 전시회' 관람 가이드: 새로운 예술 경험
0,"'공연 티켓' 할인 정보 제공, 당신의 문화 생활 더 풍성하게"
0,'건강 루틴' 추천: 몸과 마음을 건강하게 유지하는 방법
0,"'요리 레시피' 공유, 새로운 요리에 도전하세요"
0,'사진 작가' 인터뷰: 예술의 세계로 깊이 들어가다
0,'글쓰기 강좌' 개강 안내: 당신의 글쓰기 실력을 향상시키세요
0,'애견 행사' 소개: 반려견과 함께 즐거운 시간
0,"'전통 의상' 복장, 한국 문화 이해하기"
0,'비디오 게임 리뷰': 최신 플랫폼의 인기 게임 소개
0,"'음악 페스티벌' 개최, KPOP 팬들의 행복 가득"
0,'인터넷 유튜브 트렌드' 분석: 최신 콘텐츠 추세
0,'블로그' 운영 팁: 독자를 사로잡는 글쓰기 전략
0,"'SNS 홍보' 가이드, 온라인에서 당신을 알리는 방법"
0,'독서 모임' 주제 소개: 흥미로운 토론의 시작
0,'K뷰티 유행' 분석: 한국 화장품의 세계적인 인기 비결
0,'디지털 아트' 작품 소개: 예술의 새로운 영역 탐험
0,'VR 체험' 기회: 현실을 초월한 매력적인 공간
0,'온라인 교육 플랫폼' 소개: 당신의 지식을 업그레이드하세요
0,'라이브 스트리밍' 트렌드 분석: 최신 콘텐츠 시청 방식
0,"'음악 공연 무료 티켓' 행사 안내, 당신의 문화 생활 풍요롭게"
0,'미디어 아카데미 강좌' 개설: 창작자로 성장하세요
0,'인플루언서 마케팅' 전략 분석: 온라인에서 소비자를 사로잡는 방법
0,"'데이터 과학 교육' 제공, 21세기 미래 기술 탐험"
3,"법원, '모두의 불씨' 사건 재판 시작…전국적 관심 집중"
3,"검찰, 카카오톡 금융 정보 유출 사건 침해 심각성 강조"
3,'가계부 앱' 사용자 증가… 개인 재정 관리 용이
3,"법원, '학업 성취도 평가' 정책 위헌 결론… 교육계 움직임"
3,"서울시, '오늘은 공공버스 무료 이용' 운영 시작… 환경 개선 노력"
3,'미래 직업 트렌드 분석' 전문가 인터뷰… 
3,'노동자 건강 관리' 중요성 강조… 신규 의료 지원 확대
3,"경찰, '소셜미디어 범죄 예방' 교육 강화… "
3,"'교육청, 디지털 학습 프로그램' 도입… 온라인 교육 환경 개선"
3,'가족관계 갈등 심화' 전문 상담센터 활성화… 
3,'다문화 가정 지원 정책' 확대… 
3,'아동 학대 사건' 증가… 법적 처벌 강화 추진
3,'청소년 우울증' 심각성 대두… 정신 건강 지원 확대 
3,'환경 오염' 문제 해결 위해 시민 운동 활발… 
3,'지속가능한 도시 개발' 추진… 녹색 인프라 확충
3,'전국 지역 일자리 창출' 정책… 
3,'청년 기업 활성화' 위한 금융 지원 강화… 
3,'지역 경제 활력 증진'을 위한 관광 사업 확대
3,'국민 건강 보험료 인상' 논란… 정책 반영 필요성 제기 
3,'자동차 안전 기술' 발달 속도 증가… 
3,'생명윤리 문제' 사회적 논의 활발… 새로운 윤리 지침 필요성 대두
3,'인공지능 기술' 도입에 따른 사회적 영향 검토…
3,'기후변화' 심각성 인지… 환경 보호 정책 강화
3,'글로벌 팬데믹 대응' 위한 국제 협력 중요…
3,'인권 문제' 해결 위해 노력 필요… 사회 공감대 형성
3,'국방 예산 증액' 논의 활발… 국제 안보 상황 변화 고려
3,'외교 관계 개선' 위한 정책 추진…
3,'미디어 침해 문제' 해결 노력… 사생활 보호 강화
3,'인터넷 사용자 신분 증명 의무화' 논란…
3,'온라인 정보보안' 중요성 부각… 개인정보 보호 필요
3,'전기차 인프라 확충' 추진… 친환경 에너지 활용 증가
3,'스마트시티 개발' 동향…
3,'공공데이터 개방'을 통한 시민 참여 확대… 투명성 강화
3,'빅데이터 분석' 기술 활용… 사회 문제 해결
3,'인공지능 개발 윤리' 논의 중요…
3,'디지털 격차 해소' 위한 정책 추진…
3,'미래 사회 변화' 대비 노력… 기술 발전과 사회적 통합
2,"국회, 반(反)윤핵법 안건 본회의 채택 논란 심화"
2,"대통령실, 미중 경제 대립에 적극적 외교 활동 강조"
2,"한·미 정상, 쇄도하는 북한 위협에 '단결' 의사 표명"
2,"여당·본당 주요 의원, 대법원 재판관 임명 논의 돌풍"
2,"국회 국방위원회, 북한 ICBM 발사에 대한 군사적 대비 강화 검토"
2,"민주당 '2024년 총선' 선거 전략 공개, 야권 불법 개인정보 수집 비판"
2,한반도 평화 협상 추진 위해 국제사회와 손잡는 정책 발표
2,"국민들의 삶을 향해 나아가는 정책, 새로운 사회 시스템 구축 논의 활발"
2,새로운 기술 개발과 지속 가능한 성장에 집중하는 정부 행정 기반 강화
2,"국민 소통 강화 위한 온라인 플랫폼 구축, 국회 규례 개혁 추진"
2,'지속 가능한 경제 성장' 정책 집행을 위해 국가적 노력 증대
2,세계적인 사회 변화에 대응하는 민주주의 확산 정책 추진
2,"'교육 공평성 강화' 전략 발표, 저소득층 학생 지원 확대"
2,국민 건강 증진을 위한 국립병원 진료 시스템 개선 논의
2,"'친환경 도시 구축' 추진, 탄소 배출량 감소 목표 설정"
2,국제 무역 확대를 위한 FTA 체결 및 국제협력 강화 논의
2,"'사이버 보안' 강화 방안 마련, 디지털 공간 안전 확보 노력"
2,중국과의 경쟁 심화 속 '첨단 기술 개발' 투자 확대 추진
2,"'인공지능 윤리 지침' 수립, 미래 사회 문제 해결 위한 노력 강화"
2,"'국민 소득 재분배' 방안 논의, 경제 불평등 해소 위한 정책 추진"
2,"새로운 의사 결정 체계 도입, 민주주의 참여 확대를 위한 노력"
2,"'국민과의 소통' 강화, 정부 투명성 제고 및 공공 신뢰 회복"
2,"전쟁 지역의 평화 재건 지원, 국제 사회와 협력하는 외교적 노력 강화"
2,'지속 가능한 개발 목표' 달성을 위한 국가적인 노력
2,"국제 기구 활동 지원, 글로벌 문제 해결을 위한 국제 협력 강화"
2,"젊은 세대의 참여 확대, 미래 사회를 위한 정책 결정 과정 개선"
2,"'사이버 공간' 안전 확보, 사이버 테러 방지 및 예방 체계 강화"
2,'기술과 윤리'의 균형점 찾기 위한 정책 수립 논의
2,"국내 IT 산업 성장 지원, 글로벌 경쟁력 확보 위한 정책 추진"
2,'환경 문제' 해결을 위한 국제 협약 준수 및 기후 변화 대응 노력 강화
2,"국민들의 의견을 반영하는 정책 결정 체계 구축, 민주주의 성장 추진"
2,"'공평한 사회' 건설을 위한 교육, 의료, 노후 지원 확대"
2,"국제 평화 유지에 기여하는 외교 활동 강화, 인권 문제 해결 위해 노력"
2,'지속 가능한 개발' 목표 달성을 위한 국제적 협력 및 기술 공유 확대
2,"'문화 예술 발전' 지원, 국민의 여가 생활 풍요 로움 증진"
2,"'중소기업' 활성화 정책 추진, 경제 성장과 일자리 창출 유도"
2,'관광 산업' 발전을 위한 관광 시설 확충 및 홍보 강화 노력
2,"'농업 분야' 기술 개발 지원, 안정적인 식량 생산 체계 구축"
2,"'에너지 효율성' 향상을 위한 정책 추진, 환경 보호 및 에너지 자원 관리 개선"
2,"'사회 복지를 강화', 취약 계층 지원 확대 노력"
2,"'국가 부채' 감축 정책 추진, 경제 안정성을 위한 재정 관리 효율성 제고"
2,"'교통 시스템' 개선 및 고속철망 확충, 국가 경쟁력 강화 노력"
3,"최근 사건의 피해자 가족, 정부 보상에 반발하며 항의"
3,"고교 폭력 사건, 새로운 아동보호법 제정 논의 확산"
3,'대기업 노동 조합 합법화' 법안 국회 본토 처리 진행
3,"미래직 교육 난전, 정부 '디지털 전환 대비 취업 지원 프로그램' 확대 발표"
3,다문화 가족 사회 적응 기여도 높아져 법적 보호 강화 요구 증가
3,"'불공정 임금 지급' 사건, 5개 기업 검찰 고소 결론 확정"
3,교육 과정 개편 논란 '기초 교육 강화 VS 실용적 기술 중점' 갈등 심화
3,"'국민 의료 보험 규제 완화' 정부 방침, 시민단체 반대 시위 진행"
3,'청년 실업률 최고치 기록' 정부 '취업 지원 확대' 조치 발표
3,"새로운 환경 오염 규제 법안 제정 추진, 기업들의 반발 시각"
3,"'국가정보보호법 개정' 논의 본격화, 민간 의견 수렴 절차 진행"
3,'인공지능 윤리 교육' 필수로 강제 조항 추가 예상
3,"대형 기업 '연봉 인상 불가' 논란, 노동조합 시민 대규모 항쟁 계획"
3,'자율주행차 개발' 촉진 위한 정부 지원 확대 발표
3,"'인공지능 기술 활용' 의료진 양성 프로그램, 대학 간 경쟁 심화"
3,"'개인정보 보호 강화' 국민 민의원 증가, 개인정보보호법 검토 재개 발표"
3,"'미래 직업 교육' 빈약한 현실, 정부 '맞춤형 교육 프로그램' 개발 계획 발표"
3,"'취업 절차 간소화' 조치, 청년층 실질적 경제 활동 지원 위해 노력"
3,중장년층 '재취업 어려움' 심각해지며 사회복지 지원 강화 요구 제기
3,"'가족 친화적인 사회 구축' 정부 정책 발표, 시민들의 반응은"
3,'세계 경제 불황' 영향 최소화 위한 한국 경제 대책
3,"'국가 예산 집행 항목 전환 논의' 진행, 사회적 의견 수렴 절차 활성화"
3,'지방자치단체 재정난' 심각해지면서 사회복지 시설 운영 어려움 발생
3,"'여성 인력 참여 확대' 위한 정책 추진, 여성 비율 증가에 긍정적 효과 기대"
3,"'범죄율 감소' 노력, 경찰 시스템 개선 및 사회적 책임 강화 필요성 제기"
3,'교육 부담 증가' 문제 해결을 위한 정부 '정책 변화' 시급함 주장
3,"'국민들의 의견 수렴' 중요성 강조, 민주적 사회 발전 방향 모색"
3,'지역 주민 참여 확대'를 통한 지속가능한 도시 발전 추진 필요성 제기
3,"'인간 중심의 기술 개발' 중요성 강조, 사회적 책임감을 가진 인공지능 연구"
3,'환경 보호 및 지속 가능한 발전' 위한 국제 협력 증대 필요성 제기
3,'인식 개선 캠페인' 통해 사회적 약자에 대한 관심과 지원 확대
3,'소외계층 지원 강화'를 위한 정부 '금융 상품 개발' 시스템 구축 계획 발표
3,"'청년들의 창업 희망 제고' 위한 정책 지원 확대, 청년 창업 활성화 추진"
4,"Meta, 멀티버스 VR 헤드셋 'Quest 3' 출시: 더욱 몰입감 있는 경험을 선사합니다."
4,"인공지능 시대의 열풍: GPT4, 놀라운 언어 처리 능력으로 새로운 기준 설정"
4,블록체인 기술 확산: 디파이와 NFT가 주도하는 혁신적인 금융 환경 구축
4,"5G통신, 세계를 이끌다: 빠른 속도와 높은 안정성으로 새로운 가능성 열어줍니다."
4,"삼성전자, 갤럭시 S23 시리즈 출시: 최첨단 카메라 기술과 강력한 성능"
4,인공지능 기반 의료 진단 시스템 발전: 질병 예측 및 치료 효과 극대화
4,"자율 주행 기술, 실제 도로에서 상용화: 자동차 산업의 새로운 전환점"
4,"클라우드 컴퓨팅, 데이터 저장과 처리의 새로운 지평: 유연성과 확장성을 제공합니다."
4,실시간 번역 기술 발전: 언어 장벽 무너뜨리며 글로벌 커뮤니케이션 활성화
4,"VR/AR, 새로운 현실 체험을 선사: 게임, 교육 및 엔터테인먼트 분야 혁신"
4,미래 도시 구축: 스마트 기술과 데이터 분석의 역할 중요성 증대
4,"사이버 보안, 디지털 시대 필수 요소: 개인 정보와 데이터 보호 강화 필요성 대두"
4,"빅데이터 분석, 새로운 비즈니스 기회 창출: 맞춤형 서비스와 효율적인 운영 가능"
4,"과학 기술 발전, 인류 미래에 큰 영향: 첨단 의료 기술, 지속 가능한 에너지 등 주요 이슈"
4,"사물 인터넷(IoT), 일상생활을 스마트하게: 연결된 기기를 통한 편리성 증대"
4,"데이터 처리 속도 향상 및 저지연 구현: 5G 시대의 새로운 기술 트렌드"
4,"AI 기반 창작 기술 발전: 예술, 문학 등 다양한 분야에 변화를 일으키고 있습니다."
4,"수용자 기반 학습(Personalized Learning), 개인별 맞춤형 교육 제공"
4,"생명공학 기술 발전, 질병 치료 및 건강 증진에 기여"
4,탄소 배출 감축을 위한 신재생 에너지 기술 개발: 지속 가능한 미래를 향한 노력 가속화
4,오픈 소스 핵심 역할 강화: 공동 개발과 기술 분산 확대를 통한 혁신을 위한 새로운 패러다임
4,"로봇 자동화, 산업 생산성 향상 및 노동 환경 개선"
4,"가상현실(VR)과 증강현실(AR) 기술, 산업계 혁신을 이끌어나가고 있습니다"
4,5G 통합 플랫폼 구축: 이동통신 기반 서비스 및 데이터 처리 성능 향상
4,"디지털 트랜스포메이션, 모든 산업을 변화시키는 힘"
4,사이버 스릴러: 인공지능의 위험성과 윤리적 문제점에 대한 우려 고조
4,비디오 게임 산업의 지속적인 성장
4,"3D 프린팅 기술 발전, 제품 설계 및 생산 방식 변화"
4,"실시간 데이터 분석, 비즈니스 의사 결정에 혁신을 가져온다"
4,"메타버스, 가상 세계에서의 새로운 경험 제공"
4,인공지능 기반 음성 인식 기술 발전
4,"블록체인 기술, 데이터 보안 및 투명성 강화"
5,"삼성전자, Q3 실적 급증...반도체 수요 지속"
5,주택가 하락세 심화… 부동산 거래량 뚝둑
5,"고금리 시대, 투자 인구 증가... '안전한 자산'에 집중"
5,"넷플릭스, 한국 드라마 제작 확대… 글로벌 시장 공략"
5,美中 갈등 심화… 국제 금리 인상 위험 증가
5,"K팝 콘텐츠, 전 세계 경제 활성화… '한국 문화강국' 타겟"
5,기술 강국의 재부흥… 미국 기업 투자 확대 통해 경제 성장 촉진
5,"코로나 이후 회복세… 한국 경제, 올해 성장률 예상치 넘어섰다"
5,블록체인 기술 활용한 신융자금 시장 부흥… '탈중앙화' 열풍 확산
5,"에너지 가격 하락… 세계 경제 성장 촉진, 불안감 감소"
5,인공지능 시대의 새로운 일자리 창출... 디지털 전환 필요성 증대
5,금융 거래량 증가… 디지털 통화 가치 상승 추세
5,국내 생산품 수요 급증... 글로벌 시장 경쟁 심화
5,"KBeauty 열풍, 세계 마케팅 성공… '한국 제품' 소비자 신뢰 확보"
5,중국의 지출 확대… 글로벌 경제 회복에 긍정적 영향
5,"유럽 경제, 침체 심화… '고금리' 악영향 불가피"
5,ESG 투자 활성화… 지속 가능한 발전 기회 확대
5,기업 경영 효율성 증대… 기술 자동화 도입 추세
5,인재 양성 필수… 미래 사회 변화에 대비한 교육 개혁 필요
5,소득 불평등 해소 위한 정부 정책 시행… 사회적 안정 증진
5,국내 여가 산업 성장… '삶의 질 향상' 기대
5,관광객 수 증가… 경제 활성화에 기여
5,농업 생산성 향상… 기술 도입 및 정책 지원 강화
5,"글로벌 협력, 새로운 시대 개막… 세계 경제 성장 활성화"
5,자율주행 기술 발전… 자동차 산업 변혁 가능성 높아짐
5,스마트팩토리 구축 확산… 생산 효율성 및 경쟁력 강화
5,"빅데이터 분석 활용, 효율적인 경영 전략 수립 가능"
5,인공지능 기반 의료 서비스 발전… 질병 예방 및 치료 효과 증대
5,"클라우드 컴퓨팅, 디지털 전환 가속화... IT 산업 성장 주도"
5,5G 기술 보급 확대… 데이터 처리 속도 및 용량 증가
5,전기 자동차 시장 확대… 친환경 에너지 사용 활성화
5,리튬 이온 배터리 기술 발전… 전기 자동차 및 스마트 기기 성장 동력
5,"3D 프린팅 기술, 제조업 혁신 주도… 맞춤형 생산 가능"
5,"메타버스, 새로운 소비 경험 제공... 디지털 플랫폼 확장"
5,새로운 에너지 기술 개발… 지속 가능한 발전 이룩
5,인공지능 기반 금융 서비스 활성화… 투자 및 분산 관리 효율성 향상
5,글로벌 경제 불확실성 증가… 국가 경쟁력 강화 필요
5,미래 사회의 변화에 대비한 정책 수립 필요… 인적 자원 개발 및 산업 혁신 추진
5,디지털 접근성 확대... '포용적인 경제 성장' 위한 노력 강화
6,"美中갈등 심화, WTO 분쟁 조정 요청"
6,"미국, 북한과의 핵협상 재개 위한 대표단 파견"
6,"EU, UK 간 Brexit 합의 타결 위한 마지막 회담 진행"
6,"중국, 아프리카 공정무역 협정 체결하며 영향력 확대"
6,"일본, 자율주행 자동차 기술 선도하는 혁신 도시 구축 계획 발표"
6,"인도, 우주 공간 개발 및 항공 산업 투자 확대"
6,"브라질, 아마존 지구 파괴 방지를 위한 새로운 법안 제정"
6,"러시아, 북극 지역에 군사 기지 건설 계획 발표"
6,"이스라엘, 팔레스타인 문제 해결을 위한 국제적 회의 개최"
6,"수단, 내전 장기화로 인한 인도주의 위기 심각"
6,"영국, 이탈리아와의 Brexit 문제 해결 위한 새로운 협상 돌입"
6,"프랑스, 기후 변화 대응을 위한 국제적 동맹 결성 추진"
6,"독일, 자동차 산업의 전환으로 새로운 일자리 창출"
6,"캐나다, 북극 자원 개발 및 해외 진출 전략 공개"
6,"스웨덴, IT 분야 혁신을 위한 정부 지원 확대"
6,"핀란드, 헬스케어 기술 개발 및 글로벌 시장 진출 주력"
6,"호주, 자원 개발과 환경 보호의 조화로운 발전 전략 모색"
6,"덴마크, 지속 가능한 사회 구축을 위한 정책 시행 및 국제적 공조"
6,"벨기에, EU 의회에서의 비서부 조직 개편 논의 진행"
6,"네덜란드, 아동 양육 지원 정책 강화 및 교육 질 향상 노력"
6,"오스트리아, 문화예술 분야 투자 확대 및 국제적 협력 강화"
6,"스페인, 관광 산업 활성화를 위한 정책 발표"
6,"이탈리아, 복지 시스템 개선 및 경제 성장 촉진 노력"
6,"그리스, EU 지원금을 통한 경제 회복 및 정책 개혁 추진"
6,"포르투갈, IT 산업 투자 증가 및 디지털 변화 촉진"
6,"튀르키예, EU 가입 논의 재개 및 외교적 관계 개선 노력"
6,"아제르바이잔, 에너지 자원 개발 및 국제 시장 진출 확대"
6,"체코, 군비 확장과 지정학적 불안 정세에 대응"
6,"헝가리, EU 규정에 대한 반대 강화 및 독립적인 외교 정책 추진"
6,"루마니아, 디지털 기술 개발 및 경제 활성화 전략 수립"
6,"몬테네그로, EU 가입 과정 진행하며 정치적 안정을 추구"
6,"불가리아, 코로나19 팬데믹 이후 경제 회복 노력 강화"
6,"스위스, 중립성 유지하며 국제 사회에 상호 지원 제공"
6,"노르웨이, 지속 가능한 개발 목표 달성 위한 노력 및 국제 협력 강화"
6,"아이슬란드, 자연 환경 보호 및 친환경 기술 개발 중점"
1,"KBO 리그, KIA vs NC 경기 결과  홈런 폭탄 선언"
1,"손흥민, 프리미어리그 골든 부츠 최고 기록 달성"
1,"레알 마드리드, UCL 결승 진출 이산도 압도적인 경기력 선보여"
1,"김민재, 바르셀로나 복귀 후 활약하며 '강력한 수비' 증명"
1,2023 NBA 플레이오프 준결승 진출 애너하임 득점 라인폭탄
1,"한국, FIBA 월드컵 출전 확정 팬들의 기대감 고조"
1,"이강훈, 골프 대회 우승으로 '새 천재' 탄생"
1,"'한국 스피닝 대표' 김민지, 세계선수권 금메달 영광"
1,"한화이글랜츠, '신규 스타' 이석훈 활약으로 승리 팀 분위기 고조"
1,"롯데자이언츠, 박세웅의 홈런 파워로 연승 기록"
1,"'강력한 득점'  LG 트윈스, 이병헌의 활약으로 승리"
1,"두산 베어스, '신인 선수' 강상수 활약하며 경기 끝까지 아슬아슬하게"
1,"삼성 라이온즈, 김재서의 든든한 투구로 기대감 증폭"
1,"'한국 축구의 미래'  U20 국가대표팀, 아시아 청소년 대항전 준우승"
1,프리미어리그 '강자 싸움' 리버풀 vs. 마운트 비드
1,"라리가, 바르셀로나와 레알 마드리드의 대결 스페인 축구 최고 경기 예상"
1,"'세계적인 스타' 메시, 이탈리아에서 새로운 도전"
1,UFC 최고 선수들 대결 '지옥의 격투왕' vs. '강력한 공격 유능자'
1,'한국 드림팀' 출전 확정 월드컵에서 역경을 이겨내
2,"대통령, 국회에서 새로운 사회안전망 개혁안 발표"
2,"더불어민주당, 코로나 확산 대응을 위한 정책 제안 발표"
2,"국회, 디지털 헬스케어 관련 법안 전원 통과 결의"
2,"새로운 외교 부장관 지명, 국제 사회에 대한 한국 정책 방향 변화 시사"
2,"반대 의견 제기에도 불구하고, '국방비 확대' 법안 이날 통과"
2,"미 중 양국 리더회담 결과, 한국 경제·외교 영향 분석 전망"
2,"민주당, 검찰 수사 의혹 둘러싼 '특별법' 추진 논란에 분열"
2,"'지방자치단체 부담 완화' 법안 발의, 지역 정치 변화 기대감 높아져"
2,"한미 연합군 전술 재구축 논의 가열, 한국 국익 최우선으로"
2,"국내 의료기관 IT 시스템 개선, 정부 지원 확대 발표"
2,"고용 장려법안 추진 논의 가열, 청년 실업률 감소 목표"
2,'국민 소득 증진'을 위한 맞춤형 세금 정책 발표
2,"지속 가능한 에너지 개발 지원 정책, 한국 국제적 위상 제고 노력"
2,"국내 농업 기술 경쟁 우위 확보, '사막화 방지' 연구 성과 공유"
2,'안전한 사회 구성' 위한 법 개정안 논의 추진
2,"해외 투자 활성화를 위한 정부 지원 확대, 한국 경제 성장 촉진"
2,"'미래 도시 건설' 전략 발표, 스마트 기술 도입 추진"
2,"'국민과 함께하는 정책 수립', 온라인 민원 접수 시스템 개선"
2,"한국의 암호화폐 사용 법제 정비, 글로벌 금융 시장 경쟁력 강화"
2,'투명하고 책임있는 정부'를 위한 공직자 윤리 제도 개선 추진
2,"'녹색 기술 개발' 지원 확대, 환경 보호 및 지속 가능한 성장 목표"
2,"'사이버 안전' 강화 방안 발표, 국가 정보 시스템 보호 철저 조치"
2,국제 협력 강화를 통한 '지역 갈등 해결' 노력
2,'인공지능 윤리적 개발'을 위한 국제 기준 마련 논의 진행
2,"'가짜뉴스 방지' 캠페인 강화, 정확한 정보 공유를 통한 사회 신뢰 회복 노력"
2,"'국제 기구 활동 강화' 논의 시작, 한국 대외 경영 역량 증진"
2,'개인정보 보호법 강화' 위한 국내·해외 협력 네트워크 구축
2,"한국의 '지역 특산물 홍보' 전략, 글로벌 시장 진출 확대"
2,"'국제 교류 프로그램 지원' 강화, 한국 사회 국제적 경쟁력 강화"
2,"'해외인재 유입' 위한 정책 개선 노력, 한국 기술 개발 촉진"
2,'국민건강 보장'을 위한 의료 서비스 질 향상 노력
2,'교육 기회 확대'를 위한 국내 교육 시스템 개선 추진
2,"'문화 예술 지원' 확대, 한국 문화 콘텐츠 세계화 도모"
2,"'관광 산업 활성화' 전략 발표, 한국 경제 성장 원동력 강화"
2,'스마트 시티 구축'을 위한 기술 개발 지원 확대
2,"'탈선 국가 재건' 논의 추진, 국제 사회 안전과 평화 도모 노력"
2,'지역 공동체 활성화'를 위한 정부 지원 확대
2,"'사회적 약자 보호' 위한 정책 개선, 사회 통합 및 포용성 증진 노력"
2,'여성 참여 확대'를 위한 교육·취업 지원 강화
4,"AI 이미지 생성, 새로운 예술 경계를 넘나드는 혁신"
4,"인공지능 기반 의료 진단, 정확도 향상으로 의료 서비스 변화"
4,"메타버스 시장 확대, 새로운 경험 공유를 위한 기술 발전"
4,"구글 AI 칩 개발, 양자컴퓨팅으로 인공지능 성능 업그레이드"
4,"블록체인 기술 활용, 공급망 투명성과 효율성 증대"
4,"사이버 보안 시장 규모 확대, 해킹 위협에 대비한 기술 선두주자"
4,"5G 통신 기술, 인공지능과의 연동으로 새로운 서비스 기회 창출"
4,"실시간 자율 주행 시스템 개발, 교통 안전 및 효율성 향상"
4,"로봇 공학 발전, 산업 자동화와 생산성 증대"
4,"3D 프린팅 기술 활용, 의료 분야에서 맞춤형 치료 진행"
4,"IoT 기반 스마트 홈 시스템, 편리한 생활과 에너지 효율성 증대"
4,"빅데이터 분석, 개인 맞춤형 서비스와 예측 분석 가능"
4,"현실감 극대화 AR/VR 기술, 게임 및 교육 분야 변혁 선도"
4,"나노 기술 개발, 미세한 입자 활용하여 새로운 소재 창출"
4,"생체 공학 연구, 인공 장기 개발 및 질병 치료 위한 전망 증대"
4,"소프트웨어 개발, 암호화폐 시장 활성화와 스마트 계약"
4,"디지털 유산 관리, NFT 기술로 예술 작품 소유권 보증"
4,"클라우드 컴퓨팅, 데이터 저장 및 처리 효율성 증대"
4,"Edge Computing, 실시간 데이터 처리를 위한 기술 발전"
4,"서비스 기반 인공지능, 사용자 맞춤형 AI 서비스 제공"
4,"인간 중심 디자인, 사용자 친화적인 기술 개발"
4,"기술 윤리, 인공지능의 책임성과 사회적 영향 고려"
4,"기술 교육 중요성 강조, 미래 사회에 대비한 전문 인력 양성"
4,"스타트업 혁신, 기술 기반 새로운 사업 모델 창출"
4,"현재 활용되는 AI 언어 모델, GPT4 성능 향상으로 인공지능 발전 가속화"
4,"새로운 컴퓨팅 기술 개발, 양자 컴퓨팅과 квантової криптографії의 결합"
4,"VR 체험 공간 확대, 게임 및 교육 분야의 새로운 지평 개척"
4,"음성 인식 기술 발전, 스마트 기기 사용 편리성 증대"
4,"생체 감지 기술, 건강 모니터링과 질병 진단 분야 활용 확대"
4,"머신러닝 알고리즘 개선, 데이터 분석 정확도 및 효율성 증가"
4,"다양한 소재의 3D 프린팅 기술 개발, 제조 분야 산업혁명 주도"
4,"기술 경쟁 심화, 글로벌 기업간 연구개발 투자 확대"
4,"인공지능 윤리적 문제 논의, 인공지능 개발 및 사용 가이드라인 마련"
4,"미래 기술 예측, 지속적인 혁신과 변화에 대비하는 전략 수립"
5,"美, 금리 인상 연속… 글로벌 경기침체 우려 심화"
5,"반도체 업계, 2023년 매출 전망 하락... 기술 변화에 맞춰 스트레스"
5,소비자 물가 상승… 주식 시장 불안감 증폭… 투자 전략 재고해야 할 때
5,"K팝, 글로벌 시장에서 경제 성장 동력… 팬덤 효과와 콘텐츠 수출 확대"
5,국내 부동산 가격 하락세 지속… 전문가 '신용 평가 강화 필요' 주장
5,"'AI, 4차 산업혁명 선도… 기업 경쟁력 향상을 위한 최적의 투자 전략'"
5,"스타트업, 기술 경쟁 심화… 투자 유치 어려움 속 성장 전략 공유 회의 개최"
5,국내 금융시장 안정성 확보 위한 정부 대책… 시장 리스크 관리 강화 방안 발표
5,"한류, 세계 경제 활성화… 한국 문화 상품 수출 증가 주도"
5,ESG 투자 트렌드 확산… 기업 지속 가능 성장 경쟁 심화
5,중국 경제 부진 속... 한국 전반적인 수출 감소 우려
5,인공지능 기술 활용… 기업 생산성 향상 및 비용 절감 효과 극대화
5,현명한 투자 전략으로 불확실한 경제 시장 대비
5,글로벌 금리 상승 추세… 한국 달러 환율 변동 주의 필요
5,대규모 투자 유치… 한국 부동산 개발 활성화 및 경제 활성화 전망
5,고용 시장 불안정 속… 취업 지원 정책 강화 필요성 대두
5,"국내 기업, 해외 진출 확대… 글로벌 경쟁력 강화 노력"
5,전기차 시장 성장 추세… 친환경 자동차 산업 발전에 긍정적 영향
5,농산물 수출 확대… 한국 농업 경쟁력 강화 전략 논의
5,"디지털 환경 변화 속… 기업, 재구성 및 혁신 필요성 증가"
5,블록체인 기술 활용 확대… 새로운 투자 기회 창출 및 경제 성장 유도
5,과학 기술 발전… 지속 가능한 경제 성장 및 사회 발전 동력 확보
5,기술 혁신 인프라 구축… 한국 경제 선도 주체로서의 역할 강화
5,'AI 기술 도입… 기업 생산성 향상 및 새로운 성장 동력 확보'
5,국내 소비 증가세… 경제 회복 전망 제기
5,금융 시장 안정성 강화... 정부 '지속 가능한 금융 시스템' 구축 노력
5,"전 세계적으로 '포스트 팬데믹' 경제 회복… 한국 기업, 새로운 성장 동력 발굴해야 함"
5,'에너지 전환 시대… 녹색 기술 투자 활성화 및 지속 가능한 에너지 생산체계 구축'
5,"국내 IT 산업, 글로벌 경쟁력 강화… 기술 개발 및 인재 양성 지원 필요"
5,"중소기업, 경쟁력 강화 노력으로 새로운 성장 기회 창출"
5,'새로운 산업 분야… 기술 혁신과 창업 활성화를 통한 미래 경제 선도'
5,"인플레이션 상승에 대한 대응책… 정부, 소비자 물가 안정 위한 노력 강화"
5,'글로벌 공급망 복구… 한국 기업의 글로벌 경쟁력 확보 및 새로운 비즈니스 모델 개발 필수'
5,"투자 환경 개선을 통한 경제 성장 촉진... 정부, 기업 지원 방안 마련"
5,디지털 전환… 새로운 산업 생태계 구축 및 미래 경제 주도권 확보
1,"KBO 야구 LG, 두산에 승리하며 한국시리즈 연패 마무리"
1,김민재 활약 이끌은 '수어' 성적 벤제마의 대체자
1,"2023년 NBA, 제니비에 최고 영입 데블리스 강력 경계"
1,신생팀 '인천 아디다스' 깜짝 돌풍 K리그 승격 목표
1,"'황정은, 골키퍼의 정신적 위기'  전설적인 감독 비판"
1,손흥민 다시 활약 토트넘 4경기 연속 승리
1,"'삼성생명, 꿈을 향해 날아오르다'  프로농구 K리그 우승 대망"
1,"2023년 세계배구대회, 한국 '황금빛 팀'의 뜨거운 도전"
1,"'아틀레티코 마드리드', 라리가 상위권 점령 무너진 리얼"
1,"이강훈, 한국 선수 최초 PGA 투어 우승"
1,"축구 World Cup 2026 예선 시작 대한민국, 강력한 팀과 맞대결"
1,"'김민재, 이탈리아 리그 최고 수비수'  전문가들의 극찬"
1,"배구 '남녀대항 경기', 한국팀의 신흥 유망주 주목"
1,"'아프리카, 새 천왕'  2023년 NBA 드래프트 대변동"
1,"LPGA 투어 한국 선수들, 메이저 타이틀 경쟁 화려한 활약"
6,"미중 갈등 심화, 상호 경제 거래 '가능성' 시사"
6,"EU, 중국 인권 문제에 대한 강력한 제재 발표"
6,"북한, 국제 사회에 새로운 핵무기 개발 과시"
6,"우크라이나 전쟁, 러시아의 공격 '집중' 지역 변화"
6,"인도, 우주 프로그램 확장으로 국제 사회 주목"
6,"아프리카 기후 변화 영향 심각, 빈곤 대비 노력 강화 필요"
6,"WHO, 신종 바이러스 확산 경고, 국제적 공동 방역 시행"
6,"오스트레일리아, 해양 생태계 보호를 위한 새로운 법안 제정"
6,"영국, Brexit 이후 첫 번째 자유 무역 협정 체결"
6,"중국, 'Belt and Road Initiative' 확대와 아시아 주도 지역 경제 발전 기대"
6,"러시아 대사관, 해외 정치적 긴장으로 인해 보안 강화 논란"
6,"미국, 중국의 기술 우위 도전 위한 국가 과학 연구 집중 지원 확대"
6,"이탈리아, 대규모 환경 오염 사건으로 인한 정부 책임 논란 발생"
6,"멕시코, 북미 무역 협정 이후 경제 성장률 상승 예상"
6,"유엔, 세계 식량 부족 문제 해결 위한 국제적 협력 강화 결의"
3,"법원, 알고리즘 편견 논란에 대한 법적 해결 방안 모색"
3,"교육비 부족 심화, 학생 잠재력 저해 우려"
3,"청년 실업률 지속 상승, 취업 지원 정책 강화 필요성 대두"
3,자동차 사고로 인한 환경 오염 심각성 조명
3,김정은 체포 북한 내부 권력 다툼 확산 의혹
3,"'불법 거래' 주의 시위, '인권 침해' vs '사회 안전' 논쟁"
3,"노동 조합 강화운동 확산, '근로 환경 개선' 요구"
3,"대기오염, 질병 발병률 증가와 연관 연구 결과 발표"
3,"'SNS 혐오 발언', 법적 책임 강화 논의 시급"
3,"미래 사회를 위한 인공지능 윤리 강조, 전문가 토론 진행"
3,"국내 우주 개발 사업 궤도 올라, '우주 선진국' 목표 시기 조정"
3,"'여성 고용 불평등', 해결책 모색 위해 정부 간담회 개최"
3,"아동학대 사건 증가, '사회적 지원 시스템' 강화 필요성 제기"
3,"중앙은행, 금리 인상로 통해 inflation 통제 위해 노력"
3,'인구 고령화' 문제 해결을 위한 정책 모색 논의 본격화
