,target,text
0,정치,"정보 공개 중요성, 투명한 정부 운영 필수"
1,사회,"기술 발전과 인간 가치 중시, 현명한 사회 발전 방향 모색"
2,IT과학,"데이터 분석 기반 의사결정 지원 시스템 개발, 효율적인 관리 시스템 구축"
3,경제,지식 기반 경제 구축을 위한 노력
4,사회,"지역 주민들의 의견 수렴, 맞춤형 정책 개발 추진"
5,사회,"인공지능 발전과 함께 변화하는 미래 직업, 21세기 사회의 새로운 도전과 기회"
6,스포츠,"박찬호 선수, 메이저리그 홈런왕 타이틀 경쟁 본격화!"
7,IT과학,"국내 IT 기업, 스마트팩토리 구축 위한 빅데이터 분석 기술 적용 확대"
8,세계,"세계 경제 성장, 불확실성 지속"
9,경제,"새로운 형태의 사업 모델 등장, 경제 다변화 도모"
10,사회,"개인의 자율성 보장, 사회 개선에 기여할 수 있는 방안 모색"
11,생활문화,"디지털 콘텐츠 생산 및 소비 증가, 문화 산업 변화 주도"
12,IT과학,"로봇 기술, 산업 자동화 및 생산성 향상에 기여"
13,IT과학,"블록체인 기술 활용, 분야별 신뢰성 향상 및 투명성 강화"
14,정치,"대선 후 보궐선거 여부 논쟁 심화… 전문가들 ""정치적 상황과 선거구 특성 고려 필요"""
15,경제,"테크 스타트업 펀딩 시장 침체, 경기 하락 우려 심화"
16,정치,"연년 봉급 개편 논의 본격화, 노사간 합의 달성 어려움?"
17,경제,"**금리 인상 우려 속, 소비자 물가인지도 급증**"
18,사회,"사회적 자본 형성 및 활용, 공동체 의식 함양과 사회 발전 연결"
19,경제,"**에너지 가격 상승 악화, 기업 경영난 심화 우려**"
20,IT과학,"양자컴퓨팅 연구 성과 발표, 과학계 혁신 기대감 고조"
21,사회,"다양한 계층을 위한 문화 공간 확충, 포용적 사회 구현 노력"
22,세계,AI 기반 사회 구축: 새로운 도덕적 윤리적 문제 발생
23,경제,"경제적 불평등 해소, 사회 공정성 확보 위한 정책"
24,세계,"한국, 글로벌 공급망에서 주요 역할 수행하며 경제 성장 전망 제고"
25,생활문화,'글로벌 시민 의식' 함양! 국제적인 이해와 소통 증진 노력
26,IT과학,"애플, 새로운 아이폰 출시 기대감 고조"
27,생활문화,"디지털 전환 속에서 오픈소스 문화 발전, 새로운 사회적 모습 형성"
28,세계,"헝가리, 가족 중심 정책 적극 추진하며 사회 통합 및 경제 성장 도모"
29,세계,"AI 기술 발전, 글로벌 경쟁 우위 확보 위한 국가들의 노력 본격화"
30,정치, 여성 권리 보호를 위한 정책 추진
31,경제,에너지 비용 상승으로 기업 부담 증가…효율성 제고 필요
32,IT과학,"3D 프린팅 기술 적용 분야 확대, 제품 생산 효율성 향상"
33,세계,"글로벌 공공보건 위협, 새로운 팬데믹 대비 강화해야"
34,사회,"혁신과 변화에 대한 적응력 강화, 미래 사회의 어려움 극복 노력"
35,경제,국민의 복지 증진을 위한 경제 정책 수립
36,정치,"대선 후보, 경제 개혁 중심 공약 발표"
37,사회,"디지털 디바이더 해소 위한 기술 접근성 확대, 사회적 불평등 완화"
38,경제,"**디지털 금융 서비스 활성화, 전통 은행 업계 변혁 추진**"
39,스포츠,"스포츠를 통한 국제 교류 확대, 세계 평화와 우호 증진에 기여!"
40,스포츠,"대학 야구 리그, 새로운 유망선수 발굴!"
41,정치,데이터 프라이버시 보호 및 사이버 공격 예방 위한 국제 규범 제정 추진
42,세계,아프리카 열대 저지대 지구 온난화로 인한 가뭄 심각
43,사회,"사회적 불신 심화, 투명한 정보 공개 및 민간 참여 중요성 부각"
44,생활문화,"전통문화 체험 프로그램 성장, 문화 이해와 관심 증진"
45,스포츠,"코치 사임 논란, 전국대학야구 대회 심각한 위기?"
46,사회,"**가계부 형성 챌린지**: 청년층의 경제적 어려움, '소비 단축'으로 변화"
47,세계,"프랑스, 문화 예술 분야 지원 강화 및 예술가들의 불안 해소 노력"
48,생활문화,"소셜 미디어 활용, 개인의 목소리 확대 및 사회 참여 증진"
49,사회,"지역 사회 발전 기여, 공동체 의식 함양 및 지역 경제 활성화"
50,경제,국내 농산물 수출 성장 지속…글로벌 시장 확대
51,정치,"사회복지 및 공익 프로그램 확대 논의, 취약계층 지원 강화 추세"
52,정치,"대학생들의 정치 참여 활성화, 향후 정치 시장 변화 가능성"
53,경제,지속 가능한 기술 개발 및 투자 확대
54,생활문화,'공유경제 시스템' 발전과 함께 사회 변화 주목
55,사회,"사회적 기업 활동 확산, 공익과 경제 성장 동시 추구"
56,경제,신흥 산업 분야 투자 필요성 증대
57,생활문화,자원 절약을 위한 '친환경 라이프 스타일' 추천
58,IT과학,"빅데이터 분석, 의료 진단 및 치료 효과 높이는 열쇠"
59,생활문화,"소셜 미디어 플랫폼에서 정보 공유 및 소통 증가, 새로운 사회 분위기 형성"
60,IT과학,사이버 공간에서의 사이버 범죄 예방 및 대응 방안 마련
61,사회,"지역 사회 봉사 활동 참여율 증가, 공동체 의식 고취 기대"
62,세계,"중국, 글로벌 공급망에 큰 영향력 행사"
63,정치,새로운 기술 발전과 인공지능 활용으로 인한 정치 시스템 변화 논란
64,생활문화,"인공지능 기반 콘텐츠 제작 기술 개발, 문화 산업 혁신 가속화"
65,사회,"고령인구 증가 추세 속, 봉사활동 참여 확대로 지역 사회 활력 불어넣기"
66,스포츠,"한국의 글로벌 스타 선수, 박진우, 리그 MVP 3연패 달성하며 역사를 쓰다"
67,스포츠,"스포츠 중계 방송, 플랫폼 다변화로 시청률 격상"
68,경제,재정 불안 심화로 정부 지출 조절 필요
69,세계,"스웨덴, 여성 평등 및 사회적 자유 강화 노력 지속"
70,스포츠,"스포츠 문화의 세계화 추세 강화, 국제적 공감대 형성과 새로운 경기 기회 창출"
71,IT과학,"사이버 보안 취약점 공유 플랫폼 구축, 사이버 위협 대응력 강화"
72,사회,"다양한 성격과 가치관의 개인 존중, 인간 중심 사회 실현을 위한 끊임없는 노력"
73,스포츠,KBO 리그 젊은 감독들의 신뢰도 증대
74,경제,"국내 IT 산업, 혁신적인 기술 개발 필요"
75,경제,"전 세계적인 공급망 혼란, 한국 기업 영향 최소화 위해 노력"
76,스포츠,"새로운 스포츠 종목의 등장, 팬들의 관심 사로잡고 미래 시장 확대 기여"
77,스포츠,"K리그 핫플레이어 이강인, 또 한 번의 골망 사냥으로 주목 받음"
78,세계,"기후변화 대비, 국제 사회의 적극적인 참여 요구"
79,정치,"튀르키예, 동북아 지역 안보 강화 위해 군사적 동맹 구축 시도"
80,스포츠,"김연아, 국제대회서 아름다운 피겨 라이딩으로 관객 감탄"
81,사회,"사이버범죄 증가 대응 위한 국제 협력 시스템 구축, 안전한 디지털 사회 조성 위한 노력"
82,세계,인도네시아 화산 폭발 사태: 국제 사회 지원 요청 및 이재민 구조 활동 추진
83,정치,"파리협정 하회한 국가들, 기후변화 대응 및 온실가스 감축 정책 논의 강화"
84,생활문화,젊은 층의 문화 소비 패턴 변화 분석 및 대응 방안 모색
85,사회,"새로운 주거 지원 정책 발표, 저소득층 위한 안전망 강화"
86,사회,AI 기술 도입 시 발생할 수 있는 사회적 영향에 대한 대비 방안 모색
87,IT과학,"핀테크 기술 도입, 금융 시스템 신뢰도 향상"
88,정치,"새로운 정당 결성 논란, 여야 양측 '파기' 선언"
89,경제,"4차 산업혁명 시대, 한국 경제의 역할 확대"
90,세계,"세계 언론 자유 위협 증가, 감시 및 제재 강화"
91,생활문화,"음악방송 시청률 하락, 차세대 팬들의 변화 심층 분석"
92,경제,국내 금융 시장 안정을 위한 정책 대비 필요
93,세계,"세계 경제 불확실성 증가, 정치적 위기 우려"
94,세계,"국제 분쟁 해결, 평화로운 세계 구축 위해 노력 본격화"
95,정치,"법률개정 논란, 국민 여론 분열 심화"
96,생활문화,"국내 음악 시장, K-POP 열풍 이어 인디씬 활성화 추세"
97,생활문화,"K팝 팬들의 공감대, '팬미팅' 다시 개최하며 열정 불타오르다"
98,IT과학,"인공지능 기반 자동차 운전 기술, 실제 도로에서 시험 성공"
99,스포츠,"이승호 선수, 올림픽 육상 금메달 기회 열려있다"
100,세계,"일본, 군비 확대 논란 속 경제 성장 지속 가능성 불투명"
101,세계,"벨기에, 기후 변화 대응을 위한 지속 가능한 에너지 전환 계획 발표"
102,생활문화,'전통문화 체험 프로그램' 인기 증가! 한국의 매력을 재발견하세요!
103,정치,지역 경제 활성화 방안 모색
104,스포츠,"최근 활약하는 프로골퍼, 국제대회 우승 경쟁 예고"
105,스포츠,새로운 스타 선수 등장! 흥미진진 KBL 리그
106,세계,"EU, 러시아 에너지 의존도 줄이려는 노력 가속화"
107,스포츠,"한국 여자농구 국가대표팀, FIBA 월드컵 대표 선발 완료"
108,생활문화,"소셜 미디어 플랫폼 활용, 국내 문화 콘텐츠 홍보 강화"
109,정치,"국제협력 강화 위한 정세 분석 보고서 발표, 국가 경쟁력 확보 전략 논의"
110,사회,"불평등 해소 위한 사회 이동성 제고 노력, 균형 발전을 향한 정책 논의 확산"
111,IT과학,"핀테크 기술, 금융 서비스 접근성 확대 및 소비자 편의 증대"
112,사회,정의로운 사회 구축을 위한 노력 지속 - 공평함과 인간 존엄성 보호
113,세계,글로벌 보건 시스템 강화 필요성 부각
114,IT과학,"새로운 프로그래밍 언어 개발, 코드 작성 효율성 향상 촉진"
115,사회,가계 부담 완화 위한 시급히 필요한 사회보장 제도 개혁 논의 활발
116,사회,과학 기술 발전으로 인한 새로운 윤리적 문제점 심층 분석 필요
117,세계,"EU, 북미와 자유 무역 협정 논의 진행"
118,사회,디지털 편견 해소를 위한 노력 본격화 - 사회 통합을 향한 새로운 시도
119,사회,사회적 분위기 개선을 위한 온라인  incivility에 대한 대응 필요성 강조
120,사회,"사회 복지 시스템 개선 및 효율성 확대 필요, 주민들의 생활 지원 강화 노력"
121,세계,"미중 갈등 심화, 동아시아 지역 안보 불안 고조"
122,생활문화,"문화융합 사업 추진, 지역 경제 활성화 및 문화 발전 도모"
123,사회,"사이버범죄 예방 및 대응 시스템 강화, 온라인 사회 안전 확보 노력"
124,생활문화,"음악 페스티벌 등 대규모 행사 재개, 관광 산업 활성화 기대"
125,세계,국제적 무역 거래 활성화 위한 노력 지속
126,스포츠,조선인들의 스포츠 역동성에 대한 뜨거운 주목받는 상황.
127,세계,인공지능 분야 글로벌 리더십 다툼 가열
128,사회,"사회 약자의 견해 존중, 공평하고 인류 중심 사회 구축"
129,세계,"환경 보호와 경제 성장 사이의 균형, 국제사회의 과제"
130,생활문화,영화관 매출 폭증! '독립영화의 황금 시대' 온다
131,정치,"독일 정부, 탄소 배출량 감축 목표 달성을 위한 정책 확대"
132,경제,"美-중 무역 갈등 심화, 글로벌 공급망 위협 재점화"
133,생활문화,"현실 증강 기술 적용, 체험형 콘텐츠 개발 활발"
134,경제,"국내 소비 증가세 지속, 가계소득 상승으로 저축률 감소"
135,사회,세계적인 환경 문제에 대한 국제 협력 강화 필요성 부각
136,경제,"전 세계적인 기후 변화 대응, 한국 에너지 전환 전략 중요성 증대"
137,세계,"EU, 지속 가능한 발전을 위한 정책 강화 추진"
138,사회,"인류 공동체 의식 함양, 국제 협력을 통한 어려움 해결 노력"
139,정치,"지속 가능한 발전을 위한 국제 협력 강화, 환경 문제 해결 및 지속 가능한 경제 성장 추구"
140,스포츠,전지훈 감독의 전략적 리더십으로 K리그 우승 달성
141,사회,"노령화 사회 대비, 지역 주민 간 상호 지원 체계 구축 추진"
142,생활문화,인간관계 속 소통의 중요성 재강조! 오프라인 만남이 다시 부상.
143,정치,"선거법 개정안 논란 확산, 국회에서 치열한 대립"
144,사회,"자원 효율적인 사용과 친환경 생활, 지속 가능한 사회 건설 위한 노력"
145,사회,"다문화 사회 적응 위한 교육 및 지원 프로그램 확대, 차별 해소와 포용적인 사회 구축 추진"
146,IT과학,"사이버 공격 대비 전략 수립 필요성 고조, 정보 보호 강화 노력 확대"
147,IT과학,"인공지능 기반 스마트팩토리 구축, 생산 효율성 및 경쟁력 강화"
148,사회,"국제 협력을 통한 공통 문제 해결, 세계 평화와 안정 추구"
149,스포츠,"레알 마드리드, 유럽챔피언스리그 결승 플레이오프 오세이야!"
150,경제,사회적 책임 실천을 통한 지속가능한 경영
151,경제,국내 부동산 가격 상승세 이어지나…정부 개입 기대
152,경제,개발도상국의 경제 성장 동향 분석
153,IT과학,"인공지능 기술, 의료 분야에서 혁신적인 발전"
154,사회,도시 근교 지역 주거 환경 개선 및 지역 경제 활성화 방안 모색
155,세계,"전 세계 인구 증가 추세 속, 자원 고갈 문제 심각해짐"
156,정치,"소셜 미디어의 정치 영향력 분석, 온라인 공간에서의 정치 참여 증가 추세"
157,경제,지속 가능한 경제 성장을 위한 노력
158,생활문화,"온라인 교육 플랫폼 확산, 문화 공유 및 교류 용이하게"
159,생활문화,전통과 트렌드가 어우러진 '한복 패션' 인기 급상승
160,세계,"러시아-우크라이나 전쟁, 새로운 휴전협상 시도 돌격"
161,스포츠,"스포츠 기업, ESG 경영을 통한 사회적 책임 강조"
162,스포츠,"올림픽 수영, 한국 선수들 화려한 퍼포먼스 기대감 UP!"
163,스포츠,"여자 축구 국가대표팀, 아시안컵 준우승!"
164,IT과학,"메타버스 플랫폼, 새로운 소셜 네트워킹 트렌드 선도"
165,IT과학,"인공지능 기반 언어 번역 시스템 개발, 국제 교류 확대"
166,경제,한국 경제의 새로운 패러다임 제시
167,세계,"새로운 유럽 질서 형성 가능성, EU의 역할 변화"
168,스포츠,"여자 축구 국가대표팀, 월드컵 진출 눈앞에 강력한 기본기를 보여줘!"
169,정치,"행정 개혁 추진 속도 가속화, 비효율성 문제 해결 위한 정책 실행 논의"
170,사회,"문화 다양성 존중 및 포용, 사회 통합을 위한 노력 지속"
171,사회,소셜 미디어 발전으로 인한 사이버 폭력 예방 및 대응 시스템 강화 필요성 제기
172,생활문화,자연친화적인 생활 방식으로 건강한 삶을 추구하는 사람들 증가.
173,경제,"글로벌 디지털 시대, 한국 기업의 해외 진출 전략 중요성 증가"
174,경제,세계 경제 불안 증가에 대한 대비 방안 마련
175,세계,"EU, 인도와의 자유무역 협정 논의 가속화"
176,IT과학,블록체인 기술 기반 지갑 보안 강화 방안 연구 활발
177,세계,"글로벌 의료 기술 발전, 질병 예방 및 치료 효과 향상"
178,세계,"인도, 우주 개발 강화하며 국제 무대에서 영향력 확장"
179,경제,인간 중심 경제 사회 구축을 위한 노력 강화
180,IT과학,"데이터 분석 기술 활용, 제품 개발 및 서비스 개선"
181,생활문화,"혼밥 문화 확산에 맞춰, 도시 속 새로운 맛집들이 등장합니다."
182,스포츠,"스포츠 팬덤 문화 확산, 새로운 소통 플랫폼 형성"
183,생활문화,디지털 시대의 문화 콘텐츠 제작 트렌드 분석 및 전망
184,스포츠,"한국 스포츠 리그, 국제적 위상 제고 위한 노력"
185,생활문화,온라인 플랫폼 통해 독립영화 예술가들의 창작활동 더욱 활발해짐
186,경제,고용 창출을 통한 사회적 불평등 해소 노력
187,사회,아동 학대 사건 발생… 사회적 인식 개선 위한 교육 프로그램 확대 추진
188,사회,"사회적 균형 확보, 모든 국민이 행복하고 성장할 수 있는 환경 조성"
189,생활문화,"**'테마카페' 열풍, 인증샷과 맛있는 음료만 있는 곳은 과연 오랜 시간 유행할 수 있을까?**"
190,생활문화,'디지털 격차' 해결을 위한 노력 강화: 모든 국민에게 정보 접근성 보장
191,사회,기술 발전과 사회적 영향 평가 중요성 강조
192,사회,여성의 경제 활동 참여 증가와 함께 성평등을 위한 사회 전환 가속화
193,경제,코로나 이후 세계 경제 회복 가속화…'한국도 성장 기반 조성'
194,IT과학,"사이버 보안 위협 심각성 증가, 방어 체계 강화 필요"
195,생활문화,"인공지능 시대, 인간과 기술의 공존 방식 모색"
196,IT과학,"사이버 보안 교육 강화, 개인 정보 보호 중요성 증대"
197,사회,"소외된 계층들의 사회 참여 증진, 다문화 사회 건설을 위한 노력 강화"
198,정치,"정치 의사결정 과정에 대한 투명성 확보 노력, 국민 신뢰 회복"
199,생활문화,"문화예술 지원 확대, 예술 분야 경쟁력 강화"
200,경제,시세 상승에 국내 농산물 수요 증가… '근본적 해결책 필요'
201,사회,"사회적 책임 의식 고취, 지속 가능한 발전을 위한 노력 강화"
202,IT과학,메타버스 플랫폼에서의 디지털 자산 거래 시장 확대
203,경제,"중소기업, 경쟁력 약화 우려…인프라 투자 활성화 필요"
204,경제,"올해 전반, 물가 상승세 지속…통화사슬 완만경기 우려"
205,경제,대기업 이익률 감소 우려…' 경제 정체 속 투자 불확실성 심화'
206,세계,세계 난민 문제 악화: 안전하고 행복한 삶을 위한 국제적 노력 필요
207,정치,"국가 안보 강화를 위한 군비 확대 여부 논쟁, 국민 의견 수렴 필요성"
208,사회,"지속 가능한 발전 모델 추진, 미래 세대를 위한 책임 있는 사회 운영"
209,IT과학,"클라우드 컴퓨팅, 기업의 IT 인프라 구축 비용 절감"
210,정치,"캐나다 총리, 온실가스 감축 및 친환경 기술 개발 추진"
211,사회,국민 건강 증진을 위한 예방 의료 시스템 강화 필요성 대두
212,세계,"미국-중국 갈등 심화, 동아시아 불안 증폭"
213,사회,"불평등 심화 우려, 소득 분배 개선 정책 필요성 재점화"
214,경제,글로벌 협력을 통한 지속가능한 경제 성장
215,경제,스타트업 투자금 확보 어려워짐…정부 지원 강화 요구
216,사회,디지털 격차 해소를 위한 교육 프로그램 강화 추진
217,생활문화,"지역 특색을 살린 문화 콘텐츠 개발, 지역 경제 활성화 및 관광 산업 발전에 기여"
218,스포츠,"한국 축구대표팀, 꿈을 향한 승진! 대회 정점에 기쁨과 열광!"
219,세계,"태평양 지역 국가들, 해상 안보 증진 위한 협력 강화"
220,정치,새로운 정책 발표로 정치적 논란 확산
221,IT과학,"AI 기반 금융 상품 개발, 투자 효율성 증대"
222,정치,"중국 정부, 디지털 경제 발전을 위한 기술 투자 확대"
223,스포츠,"코치 교체 이후 삼성, 경기력 부활?"
224,IT과학,"디지털 접근성 향상, 사회 통합 도모에 기여"
225,생활문화,'인플루언서 마케팅' 확산: 소셜 미디어를 통한 영향력 증대
226,IT과학,"사이버 보안 교육, 개인 정보보호에 대한 인식 제고"
227,IT과학,사이버 보안 인프라 강화 필요성 대두
228,세계,미래 기술 발전으로 인한 사회 변화 예측
229,세계,"세계 금융시장 불안 심화, 투자 경기 둔화 우려"
230,정치,교육 과정 개편 필요성 제기
231,정치,"의회에서 반대 의견 충돌, 법안 통과 위기"
232,스포츠,"'올림픽은 불가능했다' 감동적인 은퇴 선언, 이하늘의 마지막 활약 기억에 남아!"
233,정치,"새로운 정책 발표, 국민 반응은?"
234,생활문화,'김밥 해골'이 다시 유행! 이번엔 인스타그램과의 조합으로 새로운 혁신?
235,사회,"일자리 창출 노력 지속, 청년 실업 문제 해결 위한 정책 시행 논의"
236,세계,"유럽, 에너지 위기 해결 위해 러시아 의존도 축소 노력 고취"
237,사회,"인공지능 개발과 윤리적 가치 결합, 인간 중심 사회 건설 위한 중요 과제"
238,IT과학,5G 네트워크 기반 스마트시티 구축 추진
239,사회,"일자리 창출과 지역 경제 활성화, 사회 발전을 위한 핵심 과제로 재주목"
240,세계,"독일, 자동차 산업 경쟁 우위 유지 위한 연구개발 투자 증대"
241,생활문화,"지속 가능한 라이프 스타일 관심 증가, 친환경 제품 사용 확산"
242,IT과학,"3D 프린팅 기술 활용, 제품 디자인 및 생산 개혁"
243,IT과학,양자 컴퓨팅 연구 성과 기반 미래 산업 발전 추진
244,정치,글로벌 공동체 건설과 국제 협력 증대를 위한 정치 지도자들의 노력 강조
245,사회,세대 간 갈등 심화 우려 속 '소통'이 중요해진 시대
246,생활문화,"비디오 게임의 확산과 그 영향력, 문화적 사회적 영향 심층 분석"
247,스포츠,"한국 프로 스포츠 팀, 국제 무대에서 성공적인 활약!"
248,스포츠,"VR/AR 기술 적용으로 스포츠 경험 새롭게 변화, 가상현실 중심의 새로운 시대 도래?"
249,정치,환경 보호 및 지속 가능한 발전을 위한 국제적 협약 체결 논의 활발
250,경제,국내 중소기업 지원 정책 강화
251,스포츠,"레알 마드리드, UCL 결승전에서 역경극 무찌르고 챔피언!"
252,경제,글로벌 경제 불확실성 속 한국 경제의 대비 전략
253,경제,"국내 자동차 산업, 디지털 전환 가속화…"
254,스포츠,"도핑 사건으로 팬들에게 상처 주는 선수들, 스포츠 윤리 의식 강화 필요성 대두!"
255,사회,시민 참여를 통한 정책 결정 공개 확대 - '참여형 사회' 구축 위한 노력 지속
256,경제,한국 경제의 성장 동력 확보
257,사회,개인 정보 보호 강화 필요성 고조 - 데이터 권리 인식 확산과 법적 근거 마련 추진
258,스포츠,"손흥민, 프리미어리그 신성 기록 달성하며 관중 몰두"
259,IT과학,"블록체인 기술 활용, 공급망 투명성 확보"
260,생활문화,'디지털 기술'을 활용한 새로운 문화 콘텐츠 발굴 및 개발 추진
261,사회,"가족 구성원 간 소통 부족 심각, '사회적 유대감' 회복 노력 중요성 강조"
262,사회,장애인 인권 보호 및 사회 참여 확대 정책 논의 활발
263,경제,재정 정책 개선을 통한 경제 안정성 확보
264,스포츠,"김현수, '올림픽 금메달'을 향한 날갯짓"
265,정치,"정책 결정 과정에 시민 의견 반영 강화, 민주주의 강화 방안 논의"
266,생활문화,"최신 트렌드에 맞춘 패션 아이템, 이번 가을/겨울 코디 팁 공개!"
267,IT과학,"소셜 미디어 플랫폼, 사용자 데이터 보호 논란"
268,스포츠,MLB 시즌 중반전! 양팀의 치열한 경쟁
269,사회,학령기 아동 건강 증진을 위한 맞춤형 교육 프로그램 도입 추진
270,경제,인공지능 기술 활용한 금융 서비스 등장…핀테크 시대 도래
271,스포츠,올림픽 금메달 꿈에 한 걸음 더 다가간 대한민국 선수들!
272,정치,"의료비 부담 완화, 국민 건강 보호 정책 강화"
273,IT과학,"AI 기반 진단 시스템, 의료진의 진단 정확도 향상"
274,생활문화,"AI 기술 활용, 개인 맞춤형 콘텐츠 추천 및 이용자 경험 향상"
275,세계,이란핵 협상 재개? 국제 사회 기대감 고조
276,정치,"공직자 부패 사건, 사회적 논란 계속"
277,사회,"""생활비 부담 심각하다는 응답… 국민 대다수, 경제 악화 우려 증가"""
278,사회,"장기간 실직 이어지는 청년들의 처지, 심각한 사회 문제로 부상"
279,경제,"신용카드 사용 금액 감소, 소비 심리 위축 우려"
280,경제,"올해 두 자릿수 성장세 예상… '한국 경제, 상승세 지속'"
281,스포츠,"스포츠 뉴스 매체 다변화, 디지털 플랫폼 활용으로 새로운 시대 맞이"
282,스포츠,스포츠 뉴스 업데이트 알림 기능 추가!
283,정치,"디지털 전환 시대에 맞춘 정책 변화 필요성, 기술 개발과 사회 적응 방안 모색"
284,IT과학,"Augmented Reality(AR) 기술 적용 확대, 교육 및 산업 분야에 변혁 가져옴"
285,정치,"야당, '대법원 재판관 임명' 논란 관련 청원 진행… 국민의 목소리 집중 의식 강조"
286,정치,"오스트리아, 정치 이념 분열 심화 속 시민 참여 유도 노력"
287,생활문화,"NFT 기술 적용, 예술 작품 소유 방식 새롭게 변모"
288,IT과학,"나노기술, 미래 산업 성장 동력으로 주목받음"
289,세계,AI 기술 발전으로 인한 윤리적 논란 확산
290,생활문화,인구 고령화에 맞춰 '노년층 문화 프로그램' 개발 활발히 진행.
291,생활문화,"문화 다양성 존중 및 포용, 사회적 통합을 위한 움직임 강화"
292,생활문화,"온라인 교육의 확산, 새로운 학습 패러다임 도입"
293,사회,**사회복지 지원 확대 추진**: 저소득층 주거 및 식량 안정 위한 정책 시행 논의
294,정치,"미국 대통령, 북핵 문제 해결 위해 중국과 소통 강화"
295,사회,"사회적 기업, 경제 활성화와 사회적 책임 실현을 동시에 추구하는 모델로 주목받음"
296,경제,"기업 이윤 감소, 채무 지불 어려움 우려"
297,스포츠,"스포츠 인재 양성 프로그램 확대, 미래 사회를 위한 투자"
298,경제,고용 시장 위축…취업난 해결책 모색
299,스포츠,"2032년 올림픽 개최, 대한민국은 준비를 끝냈을까? 국민의 기대와 불안감"
300,경제,"금융 산업, 디지털 전환 가속화…새로운 서비스 개발 경쟁 심화"
301,경제,블록체인 기술 활용 확대…금융 및 비즈니스 분야 적용 예상
302,경제,"AI 기술 적용, 경제 성장 동력으로 활용"
303,생활문화,"최신 기술을 활용한 'AR/VR' 체험 공간, 새로운 미래 감상."
304,스포츠,"전국적인 스포츠 행사 개최 추진, 지역 경제 활성화와 관광 산업 부흥 기대"
305,생활문화,"새로운 유형의 전시 공간 창출, 예술 작품과 관람자 간 상호작용 확대"
306,사회,미래 사회 변화를 맞이하기 위한 교육 시스템 개혁 필요성 제기
307,정치,"러시아, 우크라이나 전쟁 이후 국제 사회와의 갈등 심화"
308,경제,"자동화 시대, 새로운 직업 창출 및 교육 과정 개편 필요"
309,경제,글로벌 공급망 불안정 심각…국내 기업 안정적 전략 필요
310,경제,인공지능 기술 활용으로 산업 생산성 향상
311,사회,"인공지능 발전에 따라 발생하는 새로운 취업 환경 변화, 전문가들은 어떻게 대비하나?"
312,스포츠,"김민재, 프리미어리그 신화 쓰다! EPL 최고 수비수로 선정!"
313,사회,"사회복지 시스템 개선, 사회 약자의 권리 보호 강화"
314,사회,"사회적 약자를 위한 지원 정책 확대, 포용적인 사회 건설 노력 지속"
315,세계,"미국-중국 갈등 심화, 국제 사회 불안감 증폭"
316,세계,"러시아-우크라이나전쟁 지속, 글로벌 식량 위기에 더 나쁜 악영향 초래"
317,정치,"대통령직무의 성과 평가 논란, 시민단체 공동 보고서 발표"
318,생활문화,"코로나 이후 생활 방식 변화, 새로운 트렌드 등장"
319,생활문화,e-commerce 시장 성장과 함께 '디지털 마케팅' 전략 변화
320,정치,"野党, 국회의장 선출 과정에서 새로운 전략 전개"
321,스포츠,"스포츠 투자 현상 확산, 성장 가능성 높은 분야로 주목받음"
322,경제,국제 무역 활성화를 위한 노력 강화
323,세계,"OECD, 세계 경제 성장 전망 하향 조정"
324,세계,글로벌 사회 정의 이루기 위한 국제적 노력 증대
325,경제,"가족 부양, 직장 유지 등 사회적 문제 해결 위한 경제 정책 필요"
326,경제,경제 불확실성 속 소비자 심리 분석
327,스포츠,"다양한 스포츠 활동 참여를 통한 건강 증진, 몸과 마음을 위한 적극적인 노력 중요성 부각"
328,사회,**인공지능 윤리 의견 모색**: 사회 변화 속 AI 기술 개발에 대한 국민 토론 활성화
329,스포츠,"인재 발굴 및 교육 프로그램 확장, 미래 스포츠 산업의 지속 가능한 성장 추구"
330,사회,"젊은 세대들의 일자리 문제 심각성, 정부 지원 및 기업 역량 강화 시급성 대두"
331,IT과학,"로봇 공학 분야 발전, 자동화된 산업 시스템 구축 추진"
332,세계,세계 정치 시스템 안정화를 위한 노력 지속
333,생활문화,미디어 기술 발전으로 인한 정보 접근성 향상
334,IT과학,"인공지능 기반 의료 진단 시스템 개발, 질병 조기 검출 가능성 증대"
335,IT과학,"스마트 홈 기술 보급 확대, 가정 생활 편리성 증대 및 에너지 효율 개선"
336,세계,"글로벌 암호화폐 시장, 거대한 변화 가능성"
337,사회,"사이버 공격 증가에 대한 대응 강화, 디지털 시대의 보안 확보 노력 고집"
338,경제,"신용등급 개선된 한국, 외국인 투자 유치 활성화 전망"
339,사회,다세대 공존 환경 조성 및 세대 간 소통 증진 노력 강화
340,사회,지역 사회의 문제점을 파악하고 해결 방안 모색 - 시민 참여를 통한 지역 발전 추진
341,경제,데이터 기반 분석으로 경영 전략 개선
342,IT과학,인공지능 기술 발전으로 글로벌 산업 변화 가속화
343,IT과학,"인공지능 기반 스마트팜 구축, 식량 생산성 증대"
344,경제,"**K팝 콘텐츠 판매 성장세 지속, 해외시장 진출 확대 전망**"
345,생활문화,유튜브 등 온라인 플랫폼을 통한 창작 활동 증진
346,사회,"지역 소상공인 지원 및 지역 경제 활성화 정책 추진, 일자리 창출 촉진"
347,생활문화,"독서 문화 확산, 새로운 북클럽 활동과 전자책 플랫폼 등장"
348,정치,"과학 기술 발전으로 인한 정치적 영향 분석, 새로운 규제 방안 모색"
349,스포츠,사회적 문제에 대한 스포츠의 영향력 증가
350,스포츠,"심리 전략 중요성 강조! 프로 스포츠 선수들, 새로운 도전"
351,경제,핀테크 발전으로 금융 서비스 접근성 향상
352,스포츠,"'인생 최고의 승부!': KBO, 팬들의 열정 만끽하며 새로운 한 해 시작"
353,스포츠,"박지훈, '한국 축구의 미래'를 향한 걸음"
354,사회,"사회 통합 및 포용적인 문화 조성 노력, 다양성 존중하는 사회 실현"
355,세계,"오스트리아, 국제 무역 확대를 통한 경제 성장 도모"
356,IT과학,메타버스 플랫폼에서의 디지털 경제 활발하게 성장
357,경제,美-중 갈등 심화에 글로벌 암호 화폐 시장 하락
358,스포츠,"스포츠 데이터 분석 시장, 지속적인 성장세 예상"
359,사회,사회 문제 해결을 위한 지속적인 논의와 노력 필요성 부각
360,스포츠,"김정우 감독, 한화 이글스에 '신기술' 도입"
361,정치,LGBTQ+ 권익 보장 확대 논의 본격화
362,스포츠,"김연아, 세계 선수권 대회 금메달 눈앞! '자신감 뿜뿜' 아름다운 피겨스케이팅"
363,경제,시장 부동감 발생…투자 활성화 방안 모색
364,경제,AI 기술 활용으로 기업 운영 효율성 제고
365,IT과학,사이버 보안 위협 분석 및 대응 체계 구축
366,정치,"인공지능 기술 발전과 윤리적 딜레마, 정책 결정 과정에서 고려해야 할 사항"
367,사회,지속 가능한 발전을 위한 환경 보호 및 자원 관리 정책 강화
368,생활문화,"지속 가능한 생활 방식에 대한 관심 증대, 친환경 제품 선호도 높아짐."
369,생활문화,SNS 인기! 최신 유행하는 취미 활동 종류 소개
370,사회,소외 계층 대상 '돌봄 서비스' 확대 논의 - 사회적 책임 공유 중요성 강조
371,세계,미중 갈등 심화? 한반도 전략적 위치 중요성 부각
372,생활문화,"소셜 미디어 플랫폼을 통한 사회적 이슈 논의, 시민 참여 확대"
373,세계,온라인 교육의 확산: 새로운 글로벌 학습 환경 형성
374,IT과학,"데이터 분석 기술 활용, 비즈니스 전략 수립 지원"
375,정치,기후변화 대응을 위한 국제 협약 조정
376,정치,"지방선거 개최, 지역정치 격돌 예상"
377,IT과학,데이터 과학 분야 전문 인력 양성 프로그램 확대
378,정치,사회적 약자 보호 위한 정부 지원 확대
379,경제,중국 경제 성장 감소에 대한 영향 분석
380,정치,"정치적 파벌 갈등 해소를 위한 사회 통합 노력 강조, 시민 단위의 소통 증진을 통한 공동체 의식 형성"
381,생활문화,"여행지로 인기 있는 '포토존' 최신 트렌드, 당신의 SNS를 더욱 화려하게!"
382,스포츠,"축구 K리그2 서울E 7경기 연속 무패 행진, 승격 경쟁서 주도권 약탈"
383,생활문화,지역 특색 살린 '공동체 활동' 참여율 높아짐.
384,정치,"아시아 지역 안보 상황 악화, 국제사회 불안 증폭"
385,경제,새로운 기술 기반 경제 활성화
386,IT과학,"인공지능 기반 자동차 운전 시스템, 안전성과 효율성 증대"
387,세계,세계 사회 변화 추세 파악 및 대응 필요성 부각
388,세계,"캐나다, 환경 보호를 위한 새로운 정책 발표"
389,정치,"국제사례 공유, 국회 청문장서 이번엔 '인공지능' 주요 화두"
390,사회,"인공지능 개발과 윤리적 문제 고려, 사회적 합의 도출 위한 논의 진행"
391,사회,정치 참여와 소통을 활성화하여 더 나은 사회 구축 - 시민의 목소리 존중
392,사회,"사회적 불평등 심화 우려 속, 경제 성장과 사회복지를 동시에 추진해야 함"
393,경제,불확실한 국제 정세 속 한국 경제의 위기 관리 필요성
394,사회,"환경 문제 해결을 위한 사회적 인식 제고, 지속 가능한 발전 추구"
395,정치,"지역 특성을 고려한 맞춤형 정책 개발 필요성 제기, 지역 경제 활성화 위한 노력"
396,IT과학,"메타버스 플랫폼, 새로운 소통 방식과 경험 창출"
397,정치,법률 정비를 통한 사회 불평등 해소
398,IT과학,"블록체인 기술, 금융 거래 개혁에 새로운 도약"
399,스포츠,스포츠 선수들의 건강 관리에 대한 관심이 증가! 최첨단 기술을 활용한 재활 치료 시스템 개발
400,IT과학,"데이터 과학 분야, IT 인력 수요 증가"
401,사회,지역 경제 활성화를 위한 소상공인 지원 정책 확대
402,경제,금리 인상에도 불구하고 국내 소비 활성화…'소비자 신뢰 회복'
403,사회,"사회적 약자를 위한 자원봉사활동 활발, 따뜻한 사회 분위기 조성에 기여"
404,경제,지속가능한 성장과 사회적 책임의 조화로운 발전
405,생활문화,"문화예술 공간 개선 및 접근성 확대, 문화 소비자 만족도 향상"
406,IT과학,"메타버스 시장 성장세, 새로운 디지털 경제 탄생 기대"
407,정치,사회적 불평등 해소를 위한 정책 수립 및 사회 복지 지원 강화 필요성 부각
408,정치,정보통신기술 발전으로 인한 정치 변화
409,스포츠,"한미야구 국가대표팀, 월드베이스볼 클리맥스 시합서 승리하며 '한국야구 열풍' 확산"
410,사회,교육권 투명성 강화 및 학생 자율성 보장 노력
411,정치,최근 지방선거 결과 분석: 지역경제 우려 속 '한도 없이 투자 약속' 주목
412,경제,"국내 내수 소비 활성화, 지역 경제 회복 기대감 높아지나?"
413,IT과학,"사이버 공격 방어 시스템 구축, 국가 정보보안 강화"
414,사회,"사회적 문제 해결을 위한 시민 참여 활성화, 민주주의 발전에 기여"
415,생활문화,"도시 농업, 도시 생활과 친환경적인 대안으로 주목받고 있음"
416,IT과학,"5G 네트워크를 활용한 새로운 서비스 발굴, IT 산업 혁신 주도"
417,IT과학,기술 혁신을 통한 지속 가능한 사회 구축 노력 본격화
418,사회,"미래 사회 전망 분석 및 준비, 변화에 대응하는 사회 구축 노력"
419,정치,세계 경제 침체 위협 속에서 국내 정경 상황 불안
420,스포츠,"레알 마드리드, 챔피언스리그 결승 진출! 역사적 성과"
421,생활문화,"최근 인기를 끌고 있는 '전통찻집' 트렌드, 당신도 따라해볼까요?"
422,세계,"중국, 기술 분야 투자 확대하여 미래 시장 선점"
423,IT과학,"사이버 공격 방어 시스템 강화, 국가 정보 보안 확보"
424,정치,"일자리 창출을 통한 경제 활성화, 정치적 중요성 증가"
425,생활문화,"글로벌 팬덤 형성, 국내 콘텐츠 세계적으로 인정받는 추세"
426,스포츠,스포츠 시장 성장과 함께 육아휴직제도 확대 논란!
427,IT과학,"IT 기술 발전과 인간의 미래 예측, 새로운 가능성 제시"
428,정치,"총리 후보 지명 뜨거운 경쟁, 국회 진출 위한 각자의 전략"
429,생활문화,"2023년 가장 화려한 패션 트렌드, 어떤 스타일이 주목받는가?"
430,IT과학,"자율주행 자동차 기술 개발 진전, 교통 안전 및 효율성 향상"
431,세계,인공지능 윤리 논의 활발: 인간 중심 사회 구축 필요성 재점검
432,세계,"인도, 미래 도시 건설 위한 기술력 투자 확대"
433,세계,"세계 문화 교류 활발화, 다양한 문화 이해 증진"
434,경제,"IT 기업 해외 진출 가속화, 고용 창출 및 수출 증대 기대"
435,경제,미국 연준의 금리 인상 정책에 대한 한국 경제적 영향
436,세계,세계 경제 불균형 문제 심각성에 대한 국제적 관심 증대
437,경제,"인구 고령화 시대, 새로운 경제 모델 구축 필요성 증대"
438,스포츠,"스포츠 스타의 브랜드 가치 증대, 마케팅 효과 폭발"
439,경제,인공지능 발전으로 새로운 일자리 창출 예고
440,세계,기후변화 영향 심각해져…지구 온난화 대응 위한 국제 협력 강화 필요
441,경제,"국내 물가 상승세 지속, 금리 인상 기대감 고조"
442,스포츠,"이상환 선수,  NBA 드래프트 최고순위 기대감 높아짐"
443,세계,미국-중국 경제 갈등 지속: 무역 대립 심화 속 자본 시장 불안감 증가
444,경제,"K-Beauty 브랜드, 해외 시장 점유율 확대하며 급성장"
445,세계,"EU, 미국의 자본시장 규제 강화에 불만 표명"
446,생활문화,"디지털 아트의 등장과 전통 미술의 공존, 새로운 예술적 패러다임 형성"
447,경제,ESG 경영 추세 강화…기업 사회적 책임 강조
448,생활문화,"현대인의 불안 해소를 위한 '명상' 강좌, 인기 치솟아!"
449,IT과학,"인공지능 기반 자동차 운전 시스템 개발, 안전성 및 효율성 향상"
450,정치,"여야 갈등 심화, 국민적 화해 필요성 강조"
451,스포츠,"김연아, 4위에 그쳤지만 '올림픽' 도약 위한 여정은 계속된다."
452,생활문화,독서 습관 재도입! 올해 베스트셀러 소개
453,생활문화,'국제적인 문화 교류' 증진: 온라인 플랫폼을 통한 소통 확대
454,정치,정치 리더십에 대한 새로운 기준 제시
455,경제,"국내 시장 선도, 한국 기업의 글로벌 경쟁력 강화"
456,세계,"덴마크, 교육 시스템 개혁을 통해 미래 인재 양성에 박차를 가함."
457,스포츠,"트렌디한 운동 유행, 스포츠 인기도 높아지고 건강한 생활 방식은 더욱 중요해져!"
458,IT과학,"클라우드 컴퓨팅 시장 성장세 지속, 기업 디지털 전환 가속화"
459,정치,"아프리카 국가, 개발 지원 및 자원 관리를 위한 공동체 조성"
460,경제,"K-POP 열풍, 한국 경제 활성화 주역으로 부상"
461,스포츠,KBO 리그 순위 변동! NC 다이노스의 불꽃
462,IT과학,"AI 음성 인식 기술, 자연어 처리 성능 향상으로 새로운 시장 열리나?"
463,IT과학,"머신러닝 알고리즘, 의료진 진단 지원"
464,스포츠,"이상훈 선수, 올림픽 장애인육상 10km 2등에 오르며 메달 확보"
465,정치,정치 개혁 필요성 재조명
466,스포츠,"아시안 게임 축구 금메달, 한국 선수들의 새로운 도약 기회"
467,IT과학,"사이버 보안 교육 프로그램 확대, 개인 정보보호 중요성 강조"
468,사회,**교육 불평등 심화**: 교육 부족 지역 학생들의 취업률 하락
469,사회,"사회변화에 따른 전문가 양성 프로그램 확대, 미래 인력 수요 대응"
470,생활문화,"가족 여행 선호도 증가, 맞춤형 테마여행 서비스 늘려나감"
471,정치,"인도 정부, 저소득층 교육 개선을 위한 사회복지 프로그램 확대"
472,경제,인터넷 기술 활용으로 국내 산업 구조 변화
473,생활문화,인터넷 문화 확산으로 인해 오프라인 공간 활용 방식 변화
474,IT과학,"새로운 소프트웨어 개발 도구 출시, 프로그래밍 효율성 증대"
475,사회,"교육격차 해소 위한 정책 추진 가속화, 교육평등 실현을 향한 노력 본격 시작"
476,정치,"새로운 정치 사상 확산과 전통 가치 경쟁, 사회 분위기 변화 분석"
477,정치,"일반 국민들의 소통 채널 확대, 민주주의 발전을 위한 노력 지속"
478,IT과학,"인공지능 기반 스마트팩토리 구축, 자동화 및 효율성 증대"
479,정치,영국 총리 당선 이후 EU와의 관계 개선 노력
480,스포츠,새로운 팬들 확보를 위한 스포츠팀의 전략 발전
481,경제,"금리 인상에 따른 부동산 시장 침체 우려, 매매량 전년 대비 20% 하락"
482,세계,"스페인, 관광 산업 활성화 및 지역 경제 흥진을 위한 노력 강화"
483,경제,투자 시장 변동폭 커지면서 투자 전략 검토 필요
484,IT과학,"데이터 과학 분석, 사회 문제 해결 및 정책 수립에 활용"
485,스포츠,"다양한 스포츠 종목 개최 및 참여 활성화, 지역 사회의 소통과 공동체 의식 함양"
486,경제,"전력 수급 불안, 에너지 효율성 개선 노력 강조"
487,사회,환경 문제 심각성 인식 증가로 '지속 가능한 사회' 건설 움직임 확대
488,IT과학,"빅데이터 분석, 새로운 시장 트렌드 예측 가능"
489,생활문화,글로벌 시장에서의 한국 문화 브랜드 강화 노력
490,IT과학,"기업, 디지털 전환 위한 투자 확대 추세"
491,IT과학,"5G 네트워크를 통한 실시간 데이터 전송, IoT 산업 발전에 기여"
492,스포츠,인공지능 헬시케어 시스템 도입으로 스포츠 진단 정확도 향상
493,스포츠,"박지수 선수, WTA 랭킹 상승으로 세계적인 주목받음"
494,정치,"정치운동을 통한 사회적 불만 표출, 시민참여 증가와 대립 가능성 논의"
495,생활문화,"인공지능 발전과 함께 펼쳐지는 'NFT' 예술, 새로운 경험의 시작"
496,생활문화,"**인기 드라마 OST 음악이 일상을 알리는 트렌드, 청춘의 감성을 담은 오디오 콘텐츠**"
497,사회,"미래 사회를 향한 사회적 논의, 공동체 의식 함양을 위한 토론 확산"
498,사회,지역 사회 활동 참여 확대로 공동체 의식 함양과 상호 보완 도모
499,정치,"외교관계 악화, 국제사회에 불안감 확산"
500,사회,사회적 갈등 해소를 위한 대화 및 협상 채널 확대
501,생활문화,한국의 대표 음식 '비빔밥' 세계화 추진!
502,생활문화,故宮博物院 새 전시 '궁궐의 비밀: 조선왕실 가족일기' 개관
503,생활문화,"취미 활동으로 심신 건강 관리, 새로운 즐거움 찾아보세요!"
504,경제,우주 산업 급성장… 한국 우주기술 경쟁력 확보 위한 투자 필요
505,IT과학,"블록체인 기술 활용, 정부 서비스 효율성 향상"
506,스포츠,김유신의 역전승으로 KBO 리그 센세이션!
507,스포츠,"스포츠 홍보 및 마케팅 전략 변화, 소셜 미디어 활용과 온라인 플랫폼 강화"
508,사회,"사회적 소외 계층 지원 강화 필요성 제기, 지역 사회와의 연계 모델 모색"
509,IT과학,"새로운 인공지능 알고리즘, 이미지 생성 기술 혁신"
510,스포츠,"프로축구 경기, VAR 시스템 도입 논란"
511,스포츠,"LPGA 투너먼트, 한국 선수들의 강세 부각"
512,IT과학,데이터 과학 분야 연구 및 개발 투자 활발
513,세계,"글로벌 교육 시스템 변화 추세, 온라인 학습 확산"
514,정치,"온라인 뉴스의 영향력 증가, 정치 선거 운동에 변화 초래"
515,정치,"대외경쟁 심화 속에서 한국의 경제 성장 전략 논의, 정치와 경제의 연관성 강조"
516,생활문화,사회적 책임 강조하는 '지속가능한 소비 패턴' 확산
517,세계,글로벌 사회 문제 해결을 위한 국제 협력 필요성 증대
518,사회,"국가 및 지방자치단체 간 소통 시스템 개선, 사회 문제 해결 능력 강화"
519,IT과학,"블록체인 기술 활용, 공정하고 투명한 거래 환경 조성"
520,생활문화,"예술 작품의 새로운 해석, '미디어 아트'가 등장하는 이유"
521,IT과학,"데이터 분석 기술 활용, 비즈니스 전략 개선 및 경쟁력 강화"
522,스포츠,"손흥민 '해트트릭'으로 토트넘 압승, 프리미어리그 순위 상승 효과 기대"
523,IT과학,인공지능 기술을 활용한 의료 진단 시스템 연구
524,세계,세계 인구 증가 추세 지속: 새로운 사회적 과제 발생
525,생활문화,"디지털 기술과 예술의 조화, '미디어 아티스트' 등장"
526,스포츠,"인공지능을 이용한 스포츠 분석 도구 개발 동향, 경기 예측 및 전략 수립에 활용"
527,IT과학,"인공지능 기반 예측 모델 개발, 금융 리스크 관리 강화"
528,세계,"글로벌 소셜 네트워크 활용, 정보 공유와 전파 속도 증대"
529,스포츠,"스포츠 선수들의 육성 프로그램 확대 필요성 증대, 국가 대표팀의 우승 기여!"
530,생활문화,**대중문화에 'ESG' 개념 도입! 윤리적 소비가 앞서가는 '지속 가능한 문화' 발전**
531,세계,"아프리카 사막 지역, 기후변화로 인한 식량난 심각해짐"
532,스포츠,"유소년 스포츠 교육의 중요성 강조, 사회적 책임과 미래 인재 양성을 위한 노력"
533,IT과학,사이버 공간에서의 정보 공유 및 협력 증진
534,IT과학,"5G 네트워크 보급률 상승, 스마트 기기 활용 증가"
535,스포츠,"손흥민, '프리미어리그 최고 공격수' 주장!"
536,세계,지속가능한 개발 목표 달성을 위한 국제 협력 증대 필요
537,세계,"이탈리아, 내정난 심화에 대한 국민 항의 시위 확산"
538,정치,"野党, 국회의장 선거에서 집권당 도전"
539,사회,"개인정보보호 강화, 개인 권리 보호 위한 법적 근거 마련"
540,생활문화,전통문화의 디지털 전환: VR/AR 기술 적용하여 새로운 체험 제공
541,경제,인플레이션에 맞서 소비자 가구 예산 조정
542,경제,ESG 투자 증가 추세…사회적 책임과 경제적 가치 연관
543,생활문화,"비디오 게임 콘텐츠 성장, '게임 스트리밍' 시청자 수 급증"
544,사회,지역 주민 참여 강화… '공동체 공원 조성' 프로젝트 시작
545,정치,"정치권, ESG 투자 확대를 통한 지속가능한 성장 추진"
546,IT과학,인공지능을 활용한 의료진 지원 시스템 개발
547,IT과학,양자 컴퓨팅 연구 성과 기반 새로운 분야 개발 가능
548,생활문화,올해 신문체험활동 가장 많이 참여한 연령층은 '대학생' - 문화부 조사 결과 발표
549,스포츠,"실시간 스포츠 분석 플랫폼 발전, 팬 경험 개선 기대"
550,스포츠,실시간 경기 중계는 더욱 편리해졌다! 스포츠 매거진과 앱 업데이트 소식
551,사회,새로운 기술 발전과 함께 발생하는 윤리적 문제 해결에 대한 논의 활발화
552,경제,경제 발전과 함께 사회적 가치 실현
553,세계,"우크라이나 전쟁: 러시아, 새로운 공격으로 동부 지역 철회 속도 증가"
554,스포츠,"한국 대표팀, 아시안 게임 금메달 목표 강화"
555,세계,"오세아니아 국가들, 해양 환경 보호 위한 협력 강화"
556,사회,"인터넷에 대한 접근성 향상, 디지털 배제 현상 해소 방안 모색"
557,경제,"투자 유치 활동 확대, 한국 경제 성장 촉진"
558,경제,한국 경제의 미래 전망 및 과제
559,스포츠,실패와 승리 사이! 프로야구 선수들의 과도한 부담감
560,IT과학,"OpenAI, 새로운 GPT 모델 출시 예고: 더 나은 언어 생성 및 비디오 이해 기능 강화"
561,IT과학,"Meta, VR/AR 헤드셋 'Quest Pro' 가격 인하: 메타버스 접근성 확대 추진"
562,사회,"국민 참여를 통한 정책 개선, 사회 발전을 위한 공동체 의식 강화"
563,경제,한국 경제의 글로벌 규모와 영향력 증대
564,세계,"전 세계 주요 도시, 첨단 기술 기반 스마트시티 개발 추진"
565,경제,"지속 가능한 성장 모델 구축, 미래 경제 발전 방향 설정"
566,세계,아프리카 식량 위기 심화: 기후 변화와 군사 분쟁 영향 확산
567,사회,"기후 변화 대응, 국제 사회에서 한국의 역할 강조"
568,생활문화,"온라인 공동체 활성화, 소통 및 정보 교류 강화"
569,정치,"미국과 중국의 경쟁 심화, 세계 정세 불확실성 확산"
570,사회,"인플레이션 심각, 소비자 부담 커짐에 대한 우려 증폭"
571,생활문화,"2023 베스트셀러, 범주별 명단 공개! 역시 시각자료 소설 인기"
572,경제,"현재 경제 상황, 균형점 찾기 어려움…여론의 관심 집중"
573,경제,미래 세대를 위한 경제 정책 설계
574,경제,"K-콘텐츠 시장 활약, 문화 콘텐츠 수출 폭증으로 경제활성화 유발"
575,경제,소비자 중심의 새로운 경제 시스템 구축
576,세계,전 세계 국민들의 기후변화 대응 의식 고취
577,세계,"북한, 새로운 미사일 발사 시험 진행에 관한 전문가 의견 나눕니다."
578,경제,금리 인상으로 소비자 규모 축소…내년 경제 성장률 감전 전망
579,IT과학,"인공지능 연구 동향 발표, 딥러닝 기술 발전 및 윤리적 논의 심화"
580,생활문화,"VR/AR 기술 활용, 온라인 쇼핑 경험 증진 및 개인 맞춤형 서비스 제공"
581,IT과학,"AI 기반 금융 서비스, 개인 맞춤형 투자와 대출 제공"
582,IT과학,"5G 네트워크 보급 확대, IoT 및 스마트시티 발전에 큰 영향 미침"
583,세계,디지털 전환 속 세계 일자리 변화 모습
584,생활문화,"전통찻집에서 새로운 대세 음료, '홍차 라떼' 인기 급상승!"
585,IT과학,"인공지능의 윤리적 문제점 논의 심화, 책임 소재 및 사회적 영향 검토"
586,정치,"프랑스 대통령, 국민과의 직접 토론 진행, 사회적 불안 해소 노력"
587,IT과학,"사이버 공격 증가에 대비, 국가 사이버 보안 전략 강화"
588,경제,녹색 기술 투자 늘어남…탄소 중립 목표 달성 위한 노력
589,사회,"사회적 책임 경영 확산 추진, 기업과 사회가 함께 발전하는 환경 조성"
590,경제,글로벌 협력을 통한 경제 상호 발전
591,정치,"지역 사회와의 연대 강화, 정치 참여 활성화"
592,생활문화,"커플 로맨틱 여행지, 최신 트렌드 집계!"
593,생활문화,테마 카페 열풍! 잊지 못할 특별한 경험을 선사하는 곳들
594,사회,사회적 약자를 위한 정책 보강 필요성 강조 - 사회 통합 향상 노력 지속
595,스포츠,엘리트 선수들의 치열한 경쟁 속 KBL 최고 골키퍼 선정
596,사회,젊은 세대의 사회참여 증가로 새로운 변혁 가능성 열려 - 지속적인 관심과 투자가 필요
597,IT과학,"AI 기반 의료 진단 시스템 개발, 질병 예측 및 치료 효과 향상"
598,스포츠,"AI 기술 활용으로 스포츠 분석 시대 도래, 데이터 기반의 전략적 승리 중요성 증가"
599,정치,전 세계적으로 지속가능한 발전 추구
600,IT과학,"양자 컴퓨팅 연구, 새로운 물질 발견 및 응용 가능성 높음"
601,세계,"아랍 국가들, 사회 정의 실현을 위한 정치 개혁 논의 본격화"
602,경제,스마트팩토리 구축을 통한 자동화 및 효율성 증대
603,경제,주택청약 및 주택 공급 확대…민간 부동산 시장 활성화 위한 노력 강화
604,경제,디지털 전환 속도 빠르게 따라잡아야…
605,스포츠,"스포츠 장비 기술 개발, 기능성 향상과 경량화 추세 속에서 더욱 혁신적인 제품 등장 예상"
606,정치,"국제기구에 대한 대한민국 역할 강화, 글로벌 정세 변화 적응 전략 모색"
607,경제,미래 지향적인 경제 시스템 구축
608,경제,"경제 개발과 환경 보호, 모두를 위한 지속 가능한 미래 만들기"
609,정치,인종 차별 문제 해결 위한 국제 노력 강화
610,스포츠,"한국 축구대표팀, 아시안컵 예선서 강력한 승리로 기대감 고조"
611,사회,"사회적 문제 해결을 위한 참여 유도, 시민들의 역할 중요성 강조"
612,IT과학,"클라우드 컴퓨팅, 의료기관 데이터 보안 강화"
613,IT과학,메타버스 플랫폼에서의 디지털 문화 발전
614,세계,"일본, 우수 인재 유치를 위한 노력 가속화"
615,세계,"북한, 장거리 미사일 발사로 국제 사회 분열 악화"
616,IT과학,"인공지능 기반 교육 플랫폼 확산, 맞춤형 학습 지원"
617,정치,"윤석열 대통령, G7 정상회의 참석 확정… 미국의 중동 전략에 대한 입장 밝힘 예상"
618,세계,중동 지역 내 정치 불안정 심화
619,정치,"국민의힘, 경제 대책 발표… ""상황 악화, 이정재 밝히지 않는 것에 책임 부과"""
620,IT과학,"인공지능 기반 교육 시스템 개발, 맞춤형 학습 경험 제공"
621,스포츠,"박찬호, NBA 최고의 포인트 가드로 입성? 잠재력은 무궁무진!"
622,경제,금융 시스템 안정성 강화
623,생활문화,온라인 커뮤니티를 통한 소통 및 공동체 의식 함양
624,사회,"국민 참여를 통한 정책 수립, 민주주의 확립 노력"
625,세계,"북미 주요국, 디지털 기술 분야 경쟁 강화"
626,세계,"인도, 잠재적 우주 강대국으로 부상"
627,IT과학,"메타버스 시대의 도래, 새로운 디지털 경험 선사"
628,정치,"인류 공동의 문제 해결을 위한 국제 협력 강화, 글로벌 정세 변화에 적응하기 위한 방안 모색"
629,IT과학,"블록체인 기술 활용, 금융 분야 투명성 강화 추세"
630,IT과학,"빅데이터 플랫폼 구축, 데이터 기반 사업 모델 확대"
631,생활문화,문화산업 경쟁력 강화를 위한 정책적 지원 및 투자 필요성 제기
632,정치,영향력 있는 기업 대표들 정치 참여 논란
633,사회,"**미래 직업 훈련 강화 필요성 대두**: 자동화 시대, 인간 중심적 역량 개발 요구"
634,IT과학,"빅데이터 분석 기술 활용, 맞춤형 서비스 제공"
635,정치,"전자선거 시스템 도입 추진, 투명성 향상 및 공정성 확보 노력"
636,경제,"불확실성 증가 속, 투자 전략 재검토 필요"
637,스포츠,새 챔피언이 등장! NBA 최고의 순간을 담은 신나는 플레이오프 결승전!
638,생활문화,"국제적인 다문화 콘텐츠 성장, 한국의 문화적 매력도 세계에 알려져가고 있음"
639,경제,미국 금리 인상 영향 분석…한국 경제 전망 불확실성 증가
640,IT과학,"핀테크 기술 발전, 금융 서비스 접근성 증대"
641,스포츠,개막 전부터 팬들의 열광 속 '한국 프로야구 시즌 시작'
642,세계,개발도상국과 선진국의 경제 간격 해소 위한 노력 본격화
643,정치,"경제 불황 속, 정부 재정난 심각"
644,생활문화,"심리적인 안정을 위한 휴식법, 지금부터 당신의 마음을 돌보세요!"
645,세계,"새로운 기술 발전, 세계 사회 구조 변화 초래 예상"
646,정치,"대선 후보 캠페인 본격화, 치열한 선거전 전개"
647,정치,새로운 정책 발표로 여론 조사 순위 변동
648,생활문화,"시각적 콘텐츠의 중요성 증가, 이미지 기반 소통 빈도 높아짐"
649,사회,"가족 가치 중시하는 문화 확산, 핵가족 증가 추세 속에서 공동체 의식 강화 필요"
650,정치,"정치 개혁을 통한 사회 발전 노력, 민주주의 확립과 자유로운 시민 참여 증진"
651,IT과학,"블록체인 기술 활용, 공공 서비스 투명성 증대 및 효율성 향상"
652,세계,"우크라이나 전쟁, 새로운 휴전협상 재개 가능성 제기"
653,정치,"사회 불평등 해소를 위한 정치적 노력 강조, 경제적 기회의 평등 확보 및 사회 통합 추구"
654,생활문화,"**K-POP 아이돌 팬덤, '팬미팅' 관람 티켓 대리 판매 논란 속 나서 새로운 규칙 제정**"
655,사회,"국제 협력을 통한 글로벌 문제 해결, 공동체 의식 강화 필요"
656,생활문화,"온라인 플랫폼을 통한 세계 문화 공유 증진, 다양한 문화 이해도 제고"
657,스포츠,"스포츠 관련 콘텐츠 제작 활성화, 다양한 방식으로 스포츠를 접근하고 즐길 수 있는 시대 도래"
658,IT과학,"VR(가상현실) 기술 활용 교육 프로그램 개발, 실질적인 학습 경험 제공"
659,경제,투명하고 책임 있는 기업 활동 추구
660,IT과학,"핀테크 기술 도입, 금융 시스템 접근성 향상 및 소비자 편의 증대"
661,생활문화,"인공지능 기술 활용, 예술 분야 창의성 발휘 강화"
662,스포츠,"바이킹스, NFL 정규시즌 최종전에서 승리하며 플레이오프 진출 목표 향해 나선다"
663,사회,지속 가능한 사회 발전을 위한 온라인 플랫폼 구축 논의 진행
664,생활문화,"'인스타그램 챌린지' 새로운 유행어, 사회적 트렌드 반영?"
665,세계,"국제무역 증가, 세계 경제 성장 동력으로 작용"
666,세계,"미국-중국 갈등 심화, 국제 무대 전망 불안정"
667,경제,소비자 심리 회복 지연…경제 활력 제한적
668,IT과학,"인터넷 오브 씽즈 (IoT), 스마트 홈 및 도시 구축 선도"
669,IT과학,"블록체인 기반 NFT 거래 플랫폼, 새로운 보안 기능 도입: 지갑 해킹 위협 대응"
670,생활문화,'AI 작품' 논란: 예술적 가치와 인간 창작성 재정립 필요성 제기
671,세계,디지털 디바이드 심각성에 대한 세계적 관심 고조
672,정치,"새로운 정당 출범, 정치권 풍파 예고"
673,사회,기술 개발을 통한 의료 접근성 향상… 농촌 지역 의료 지원 시스템 구축 논의 진행
674,경제,반도체 시장 성장 지속…기술 개발에 대한 투자 필요
675,경제,인프라 투자를 통한 경제 성장 촉진
676,IT과학,"클라우드 컴퓨팅 기술, 데이터 저장 및 처리 효율성 증대"
677,세계,글로벌 금융 시장 불안정 심화 우려
678,세계,아프리카 내 우주 개발 열풍: 새로운 항공우주 경쟁 시작?
679,스포츠,K리그2 승격 경쟁 치열! 승상 FC의 새로운 도전
680,정치,"한국의 국제정세 변화 대응, 외교 전략 방향 수정 논의"
681,스포츠,"국내 프로야구 시즌 최고 승리점차 달성, 한화이글스 득점폭발"
682,정치,"주요 정책 방향 수정, 대선 기준 변화에 따라 여론 반응 모니터링"
683,세계,"영국, Brexit 이후 경제 회복 과정 속 새로운 양질의 일자리 창출 목표"
684,정치,"대통령, 주요 안보 문제에 대한 내각 회의 소집"
685,정치,"정치인 출신 예술가 활동 확대, '예술 개혁' 주장 제기"
686,IT과학,"클라우드 컴퓨팅 기술 적용, IT 인프라 구축비 절감"
687,사회,"청년층, 불안 증가와 자립에 대한 고민 심화 - 사회적 안전망 강화 필요성 제기"
688,생활문화,**비즈니스맨의 필수템? '디지털 디톡스'를 위한 휴식 명소가 핫해진 이유**
689,IT과학,"사이버 보안 시스템 강화 필요성 대두, 개인 정보보호 중요성 강조"
690,정치,"군사력 강화 논쟁, 국방 전략 재점검 필요성 부각"
691,경제,미래 사회를 위한 경제 모델 변화
692,IT과학,"사이버 공격 방어 시스템 구축, 국가 정보 보안 강화"
693,사회,국가 보건 의료 시스템 강화 및 접근성 향상을 위한 노력 지속
694,IT과학,자율 주행 자동차 기술 개발 가속화
695,정치,"인공지능 기술 개발, 윤리적인 문제점 고려 필요"
696,IT과학,"클라우드 컴퓨팅 기술 활용, 기업 IT 비용 절감"
697,스포츠,"여러계층의 참여, 2024 하계올림픽 서울 개최 추진?"
698,사회,"미디어의 팩트체크 중요성 강조, 사실 확증을 통한 사회적 신뢰 회복"
699,스포츠,"손흥민, 토트넘 감동적인 골로 승리 영광!"
700,세계,코로나19 팬데믹 이후 세계 의료 시스템 변화
701,생활문화,"SNS 챌린지 열풍 확산, 사회문제 논란 불거짐"
702,경제,"**코로나 팬데믹 이후 국내 관광업, 부활의 신호탄**"
703,세계,지구온난화 대응을 위한 국제 협력 체계 구축
704,사회,사회 안전망 강화를 위한 사회 복지 시스템 개선 노력 지속
705,생활문화,'다원성을 강조하는 콘텐츠 제작' 사회적 분위기 반영
706,세계,"다국어 교육 확대, 글로벌 경쟁력 강화 위한 필수 조건"
707,경제,IT 서비스 수출 동향 악화…'글로벌 경쟁 심화
708,경제,"국내 내수시장 활성화, 경제 회복 주도"
709,사회,사회적 책임 실천을 위한 기업들의 노력에 대한 격려와 지원 필요성 제기
710,IT과학,"클라우드 컴퓨팅, 기업 IT 인프라 변화 주도"
711,생활문화,'온라인 공연' 등 새로운 문화 유희 방식 확산
712,생활문화,"""국민 여행지"", 제주도 관광객 수 올해에도 전년 대비 증가 추세"
713,IT과학,"VR/AR 기술, 교육 및 엔터테인먼트 분야 활용 범위 확대"
714,생활문화,가상현실/증강현실 기술 활용으로 새로운 문화 경험 창출
715,생활문화,"강남 테마카페 트렌드, 이번엔 '전쟁게임 배경' 인기 몰아치고"
716,생활문화,최저임금 인상에도 '식비 고갈' 소비자 걱정
717,생활문화,"심리적 안정을 위한 '디지털 디톡스' 추세, 당신도 시도해보세요."
718,경제,환경 보호 및 지속 가능한 성장을 위한 노력
719,정치,정권 교체 이후 국내외 관계 변화
720,IT과학,"데이터 과학 분야, 미래 사회의 주요 기술로 주목받음"
721,스포츠,"손흥민, 프리미어리그 골든 부츠 최종 확정! 역사적 성취"
722,세계,"유엔, 아파트 긴축 사태에 대한 해결책 모색"
723,사회,미래 사회 전망 및 변화에 대비한 사회적 논의 활발
724,정치,인권 문제 해결을 위한 국제협력 강조
725,IT과학,메타버스 플랫폼에서의 새로운 창업 모델과 비즈니스 기회 등장
726,경제,"미국 경제 성장둔화, 세계경제 불확실성 증가"
727,정치,"대통령, 중국과의 경제·사회 협력 위한 전략 발표"
728,스포츠,올림픽 금메달 꿈꾸는 한국 스피드스케이팅 선수들
729,생활문화,"문화 콘텐츠 산업 융합, 새로운 성장 동력 창출"
730,정치,"사회보험 재정 불안 위기, 대책 마련 시급"
731,스포츠,"축구 월드컵 예선, 한국 vs 일본 전격 경기 진행"
732,IT과학,인공지능 기반 음성 인식 기술 발전
733,세계,"아프리카 국가들, 기후 변화 대응 위한 국제 협력 강화"
734,IT과학,데이터 과학 분야 전문 인력 양성 필요성 대두
735,경제,"한국 경제의 미래, 변화와 기회에 대비하여"
736,스포츠,"스타 선수들과 멋진 의상, NBA 파워 코트 패션이 전 세계를 사로잡다!"
737,정치,"환경 문제 해결을 위한 정치적 노력 강조, 지속 가능한 발전 추구"
738,세계,인터넷 자유성 보호? 국제 사회 논란 재점화
739,생활문화,"전통공예품의 현대적인 재해석, 새로운 트렌드 주도"
740,세계,"인도, 기술 혁신을 통한 경제 성장 목표 설정"
741,생활문화,"최근 젊은층의 자기 표현 강화, 개성을 드러내는 패션 트렌드 선점"
742,사회,사회적 약자를 위한 사회복지 서비스 이용률 향상
743,정치,"이란 정부, 핵협상 재개를 위한 노력 지속, 국제 사회의 관심 집중"
744,스포츠,박찬호 압도적인 활약으로 KBO 리그 MVP! 우승 트로피를 장악!
745,스포츠,"한국 축구 국가대표팀, A매치에서 승리하며 월드컵 예선 진출 위한 기세"
746,경제,외환 가치 변동 주목…기업 수출 경쟁력 위협
747,세계,"라틴아메리카, 경제 위기 속 사회적 불안 고조"
748,정치,"정치개혁 추진 시민 운동 확산, 정부 적극 대응 의사 표명"
749,정치,"조선민주주의인민공화국, 국제 사회와의 관계 개선을 위한 외교 활동 증대"
750,생활문화,"인터넷을 통한 새로운 교류, 온라인 커뮤니티 활성화."
751,사회,"온라인 플랫폼 활용으로 지역 정보 접근성 향상, 소통 및 공동체 의식 강화"
752,스포츠,세계 최고의 스포츠 뉴스를 앱에서 가장 먼저 확인하세요.
753,정치,국민소득 지원 확대 논쟁 심화
754,사회,"사회적 책임 강조, 기업의 윤리경영 실천 필요성 대두"
755,사회,"사회적 변화에 대한 적응 및 대비, 지속적인 사회적 진화 필요성 강조"
756,정치,탈북자 지원 확대 논의 본격화
757,정치,"일본 정부, 우라늄 개발 확대 논란 속 경제 성장 가속화 시도"
758,스포츠,"스포츠 게임, 새로운 분야에서 경쟁심 치열해짐"
759,사회,"아동학대 사례 증가, 법 개정 추진 속도를 촉구하는 목소리 높힘"
760,사회,"교육부, 학생들의 정신 건강 지원 확대 방안 마련"
761,스포츠,"대학 야구 리그, 젊은 선수들의 열정과 재능이 만나다"
762,생활문화,"가족과 함께 보내는 시간 가치, '가족 여행' 다시 주목받다"
763,IT과학,"인공지능 기반 로봇 개발, 산업 자동화 및 생산성 향상"
764,세계,"글로벌 경제 침체 우려 커짐, IMF '2024년 세계 성장률 하락 전망'"
765,경제,한국 경제의 미래 전망
766,경제,새로운 산업 육성으로 미래 성장 동력 확보
767,정치,"젊은 세대의 정치 관심 증가, 미래 정치 변혁 가능성 시사"
768,세계,"폴란드, 군사 비용 증대 및 국방력 강화를 통한 국제 안보 유지를 목표로 함."
769,생활문화,"소셜 미디어 활용, 문화적 다양성 조화"
770,생활문화,"2023년 최고의 블로그 추천: 여행부터 취미까지, 당신을 위한 맞춤 정보"
771,생활문화,"리조트 관광 활성화, 휴식 및 여가 분야 성장"
772,정치,국민의 의견 적극 반영하는 민주주의 강화
773,IT과학,"메타버스 플랫폼 확장, 새로운 콘텐츠 및 서비스 제공"
774,세계,"글로벌 경제 위기 속, 개발도상국들의 어려움 증대"
775,스포츠,"스포츠 게임 시장 성장세 지속, 전 세계 팬들의 열정을 자극하며 새로운 흐름 확산"
776,경제,지속가능한 성장을 위한 녹색 기술 투자 확대
777,IT과학,"구글, 인공지능 기반 검색 엔진 개발 추진"
778,IT과학," 사이버 공격 위협 증가, IT 보안 강화 필요성 커짐"
779,IT과학,"5G 네트워크 확산, 초고속 통신 환경 구축"
780,세계,"인구 감소하는 선진국, 이민 정책 활성화 논의 확산"
781,생활문화,"국내 음악 시장 'K팝 이외의 매력', 독립음악 장르들의 부상"
782,IT과학,"한국 연구팀, 자율 주행 시스템 안전성 향상 위한 딥러닝 알고리즘 개발 성공"
783,IT과학,"AI 기반 금융 상품 개발, 투자 위험 감소 및 수익률 향상"
784,사회,"사회적 책임 기업 활동 확산, 지속 가능한 발전 모델 구축 추세"
785,IT과학,사이버 보안 위협 분석 및 대응 체계 구축 강화
786,스포츠,심사위원 대체 논란! 해외전 펜싱 국가대표팀 불안
787,세계,글로벌 협력 부족으로 인한 국제 문제 해결 어려움
788,IT과학,"데이터 과학 분야 주요 기술로 주목받고 있으며, 미래 사회에 큰 영향을 미칠 것으로 예상됨"
789,정치,"정보통신기술 활용으로 정치 참여 수준 상승, 국민 의식 변화 분석"
790,경제,인플레이션 완화 위해 정부 재정적 지원 강화
791,IT과학,"AR/VR 기술 발전, 게임 및 교육 분야 변화 가져옴"
792,사회,사회 통합을 위한 차별 방지 정책 효과성 검토 및 개선 필요
793,정치,'저출산 대책' 본격 논의 시작… 연금 시급 인상 추진 등 다양한 방안 제시
794,IT과학,"AI 기반 교육 플랫폼, 학습 효율성 향상 도모"
795,IT과학,5G 통신 확산으로 사물 인터넷(IoT) 시대 전환
796,스포츠,"축구 월드컵 예선전, 한국의 승리 갈망 고조"
797,세계,글로벌 교육 공동체 형성: 미래 세대 양성 위한 협력
798,생활문화,가족의 소중함을 되새기는 '가족 여행' 최신 트렌드
799,세계,국제 기구의 역할 및 영향력 변화 추이
800,정치,빅데이터 활용을 통한 정책 효율성 제고
801,IT과학,"핀테크 기술 도입, 금융 서비스 접근성 증대"
802,생활문화,디지털 환경 속에서 건강한 시각 유지법: 스마트폰 사용 습관 개선
803,생활문화,새로운 콘텐츠 플랫폼 등장으로 문화 소비 방식 변화
804,세계,"남아프리카공화국, 빈부격차 해소 및 사회적 통합 노력 강화"
805,경제,"현금 관리, 투자 전략 재점검 절실"
806,스포츠,AI 기술 도입으로 스포츠 분석 시스템 발전
807,세계,"러시아, 국제기구에서 추방 위기를 맞아 정치적 공황 속으로"
808,정치,"국회의원 연금 논란, 여야 갈등 심화"
809,정치,"미래 사회를 위한 정치적 리더십 필요성 강조, 시민 참여와 소통 증진 노력"
810,생활문화,"자취생 필수템, 지금 바로 알아보세요! 노트북부터 집안용품까지 추천!"
811,사회,"다문화 사회 적응 지원 강화, 소외계층의 삶 개선 노력"
812,경제,글로벌 경쟁 환경에서 한국 경제의 위상 강화
813,세계,"미국, 해외 군사력 배치 확대 논쟁 심화"
814,정치,"미디어 기관의 정치 중재 역할 강조, 언론자유와 책임 사이에서 갈등 발생"
815,사회,"자원봉사 활성화, 지역 사회 문제 해결 위한 참여 유도"
816,스포츠,KBO 리그 센트럴리그 우승 후보는 누구일까?
817,IT과학,"3D 프린팅 기술, 의료 분야에서 개인 맞춤형 치료법 개발 지원"
818,스포츠,"김요한, 세계사상 첫 '역대급' 성적 달성!"
819,정치,"브라질, 아마존 침식 문제 해결 위해 국제 협력 강화"
820,정치,"교육 제도 개혁 논의 본격화, 미래 사회 변화에 대응하는 교육 방향 설정"
821,정치,"지역 사회 발전을 위한 정치적 개입 필요성 제기, 지역 주민 참여 확대 노력"
822,스포츠,"한국 프로게임리그, 최고 티어 대결 예고"
823,세계,"세계 민족 간 문화 교류 확대, 다양성 강조"
824,생활문화,"우리나라 전통 문화 재해석, 현대적 감각을 더한 '모던 한국문화' 탄생"
825,생활문화,"새로운 레저 활동 등장, 건강 증진과 여가 시간 활용 방식 변화"
826,경제,디지털 기술을 통한 경쟁력 강화
827,IT과학,"양자 컴퓨팅 연구, 분야별 신기술 개발 위한 기반 마련"
828,경제,"美 증시 지수 하락, 한국 주식시장에도 부정적 영향"
829,정치,오랫동안 미해결된 사회문제 해결을 위한 정치적 차원의 노력 필요성
830,정치,"국제 분쟁 해결을 위한 평화적 노력 강조, 외교적 대화 채널 활용"
831,사회,"불평등 심화 속 기부 문화 확산, 희망을 선물하는 따뜻함"
832,스포츠,"스포츠 관련 학문 분야 발전, 과학적 연구를 통한 선수들의 성과 향상 노력"
833,생활문화,"문화예술 분야 디지털 전환 추진, 문화 콘텐츠 접근성 향상 및 경쟁력 강화"
834,사회,"식비 상승으로 가정 소득의 한계선 위기에 처한 부모, 어려움 속 '미리 계획' 시대"
835,IT과학,"데이터 과학 분석 기술 활용, 사회 문제 해결 및 정책 수립 지원"
836,IT과학,"암호화폐 시장 불확실성 속, DeFi 융합 모델 등장"
837,세계,"세계적으로 불평등 심화, 사회적 갈등 증가"
838,스포츠,"스포츠 의료 기술, 운동선수 건강 증진에 기여"
839,IT과학,"인공지능 윤리 문제 논란, 사회적 합의 필요"
840,사회,"사회 변화 속에서 개인의 가치관 확립, 인간 존엄성 보호 노력 중요"
841,경제,"글로벌 시장 진출, 한국 기업의 성장 동력으로 작용"
842,사회,"자원 효율적인 사회 구조 설계, 지속 가능한 발전을 위한 정책 방향 제시"
843,사회,"'고령화 대비 노인 돌봄 서비스 확대'…""지역 사회 안전망 강화 필요"""
844,세계,기후변화 심각성 인지! 세계국가 대규모 지속가능성 투자 추진
845,IT과학,"사이버 공간에서의 인권 문제, 국제적 논쟁 심화"
846,스포츠,"인플루언서가 주도하는 스포츠 트렌드 분석, 팬들의 관심사와 소비 행태 변화 반영"
847,IT과학,"스마트팜 기술 도입, 농업 생산성 향상 및 지속 가능한 농업 발전 추진"
848,사회,인공지능 윤리에 대한 논의 활발화 - 공정하고 투명한 기술 발전 필요
849,생활문화,문화 콘텐츠 산업 성장에 따라 '콘텐츠 제작자'들의 필요성 증대
850,정치,"국제 정세 악화 속, 외교 활동 강화 논의"
851,사회,"지역 주민들의 참여로 성장하는 공동체 정원, 도시 미래를 향한 새로운 가능성 열다"
852,IT과학,"빅데이터 분석 기술 활용, 고객 맞춤형 서비스 제공 가능"
853,사회,"다양성을 존중하는 사회 만들기, 사회 구성원 간의 이해 증진 노력"
854,세계,인류 공동체 의식 강화: 세계 시민으로서 책임감 고취
855,IT과학,"메타버스 플랫폼 경쟁 심화, 사용자 경험 개선 위한 차별화 전략 공개"
