,Unnamed: 0,target,text
0,0,정치,새로운 정책 발표로 국민 반응은?
1,1,정치,"대선 후보, 경제 공약 확대 전략 추진"
2,2,정치,"국회 긴급한 회의 소집, 중요 법안 논의 예고"
3,3,정치,"야당, 과행정 비판 강화 '총력'  mobilze "
4,4,정치,지방 선거 결과 분석: 여당 지지율 변동 주목
5,5,정치,"국제 정세 악화 속, 국내 정치 불안감 고조"
6,6,정치,"대표자의 역할 재정립 논의, 정치 개혁 필요성 제기"
7,7,정치,"정치 기부 관련법 개정 쟁점, 사회적 합의 절차 시행"
8,8,정치,정치권 연대 강화 위한 '다모임' 결성 발표
9,9,정치,"개인정보보호 법률 개정안 논란, 정치적 갈등 심화"
10,10,정치,한반도 평화협력 증진을 위한 국제 사회 움직임
11,11,정치,"지역 주민 참여 확대, 민주주의 강화 방안 모색"
12,12,정치,환경 문제에 대한 정책 집행 과정 투명성 향상 추구
13,13,정치,"사회 약자 보호 정책 강화, 새로운 정치 의제로 부각"
14,14,정치,"언론의 자유와 독립성, 국민 참여를 통한 지속 가능성 확보"
15,15,정치,"중소기업 지원 정책 논의 본격화, 경제 성장 동력으로 강화"
16,16,정치,정치 시스템 개혁을 위한 사회적 토론 가열되고
17,17,정치,정보통신 기술 발전과 정치 환경 변화 맞춰 제도 개선 필요성 부각
18,18,정치,대학생활이 국민의 정치 참여 활성화에 미치는 영향 분석
19,19,정치,국민 감시 강화를 위한 정치 시스템 전환 논의
20,20,정치,정치 의사결정 과정에서 공개성 확보 필요성 대두
21,21,정치,"젊은 세대의 정치 참여 증가, 새로운 정치풍 변화 예상"
22,22,정치,인공지능 기술 도입으로 정치 시스템 전환 가고 있는 현실
23,23,정치,"글로벌 협력 네트워크 구축, 국제 정치적 상황 개선 노력"
24,24,정치,"사회 통합을 위한 정치적 노력, 다양성 존중과 이해 증진"
25,25,정치,정치 인물들의 윤리 의식 강화 필요성 제기
26,26,정치,"국민 소통 채널 확대, 민주주의 발전에 기여"
27,27,정치,온라인 플랫폼 활용으로 정치 참여 방식 변화 추세
28,28,정치,"시민 운동의 정치 영향력 증가, 사회 변화 주도"
29,29,정치,"정책 효과성 평가 시스템 구축, 정치 과학적 접근 확대"
30,30,정치,"국제 기구와의 협력 강화, 공동 문제 해결 노력"
31,31,정치,전 세계적으로 지속 가능한 발전을 위한 정치적 움직임 활발하게 진행
32,32,정치,정치 참여율 저하 이유 분석 및 개선 방안 모색
33,33,정치,시민들의 정치 의식 고취를 위한 교육 프로그램 확대 추진
34,34,정치,"비판적인 사고 능력 함양, 건전한 시민 역할 강화 필요성"
35,35,정치,"정치 개혁 노력 지속적이며, 국민 참여가 중요함을 강조"
36,36,정치,사회 변화에 따라 정치 체계도 적응해야 하는 현실
37,37,정치,지역사회 문제 해결 위한 지역 주민과 정치인의 소통 확대 추진
38,38,정치,환경 문제 해결을 위한 국제 정치적 협력 강화 노력
39,39,정치,평화로운 사회 구축을 위한 국제 정세 개선을 위한 노력
40,40,정치,"정치 리더의 역할 중요성, 민주주의 지지와 발전에 기여해야 함"
41,41,정치,정보 시대에 맞는 정책 수립 및 실행 방안 모색
42,42,정치,소외 계층 문제 해결을 위한 사회적 정책 추진 필요성 강조
43,43,정치,정치 분열 완화를 위한 다양한 의견 포용하고 소통 확대
44,44,정치,사회적 불평등 해소를 위한 정책 제안 및 실행
45,45,정치,정치 참여 활성화를 위한 온라인 플랫폼 활용 방안 모색
46,46,정치,"국민의 권리 보호 및 법치주의 강화, 국내 정치 개선 노력"
47,47,정치,지속 가능한 사회 발전을 위한 정책 수립 및 실행 필요성
48,48,정치,정치 시스템 투명성 제고를 위한 노력 지속해야 함
49,49,정치,국민의 신뢰 확보를 위한 정치인의 윤리 의식 강화 필요성
50,50,정치,사회적 책임을 중시하는 정치 환경 조성
51,51,정치,"정치와 사회적 문제 해결, 상호 연관성을 인지하고 접근해야 함"
52,52,정치,정치 분쟁 해결을 위한 대화와 협상 중요성 강조
53,53,정치,"세계적인 경제 불황 속, 국내 정치 및 경제 개선 노력"
54,54,정치,인구 감소 문제 해결을 위한 정책 추진 필요성 부각
55,55,정치,사회 변화에 대한 적응력 있는 정치 시스템 구축 필요성
56,56,정치,국민의 의견을 반영한 정책 수립 및 실행
57,57,정치,지역 경제 활성화를 위한 정책 지원 강화
58,58,정치,정치 개혁 과정에서 국민 참여와 소통 중요성 다시 한번 강조됨
59,59,정치,기후 변화 대응을 위한 국제적 정치 협력 확대 추진
60,60,정치,AI 기술 활용으로 효율적인 정책 수립 및 실행 방안 모색
61,61,정치,전 세계적으로 지속 가능한 발전 목표 달성을 위한 정치적 노력 강화됨
62,62,정치,사회 통합을 위한 다문화 사회 정책 확대 필요성 제기
63,63,정치,정치인의 투명하고 책임감 있는 행동 강조
64,64,정치,"세계적으로 급변하는 환경 속, 국내 정치 시스템도 변화해야 함"
65,65,정치,국민 참여 확대를 통한 민주주의 발전 노력 지속
66,66,정치,정치의 윤리적 기준 강화 및 사회 신뢰 회복
67,67,정치,사회적 약자 보호를 위한 정책 지원 확대 필요성
68,68,경제,"통화위원회, 금리 인상 시나리오 점검"
69,69,경제,"대기업, 1분기 실적 감소 전망… 글로벌 경기 불안 지속"
70,70,경제,"주식시장, 국내외 경제 불확실성에 대한 우려 심화"
71,71,경제,"IT 산업, 인공지능 기술 발전으로 새로운 성장 기회 노려"
72,72,경제,"은행, 소액대출 대체금리 시스템 도입… 민간 금융 활성화 추진"
73,73,경제,"국내 주택 가격, 지속적인 하락세 예상… 전문가 '재정 불안 심화' 경고"
74,74,경제,"미국, 인플레이션 억제 위한 추가 조치 논의"
75,75,경제,"IMF, 글로벌 경제 성장률 하향 조정… 세계 경기 위축 우려 증대"
76,76,경제,"한류 콘텐츠, 해외 시장에서 새로운 수익 창출 기회 마련"
77,77,경제,스타트업 투자 활성화 위한 정책 지원 강화 추진
78,78,경제,고용 부문 회복 속도 둔화… 경제 성장 동력 약화 우려
79,79,경제,국내 소비 심각한 위축… 경제 구조 개선 필요성 재확인
80,80,경제,"대규모 외국인 투자 유치, 한국 경제 활성화 기반 마련"
81,81,경제,해외 원자재 가격 상승 속도 악화… 국내 물가 상승 부담 증가
82,82,경제,금융시장 불안 심화 우려… 투자자들의 '분산투자' 전환 현상 증가
83,83,경제,"한국 경제, 중국의 주요 수출처로 자리매김"
84,84,경제,"소득 불평등 심화 문제, 사회적 갈등 야기"
85,85,경제,인공지능 기술 도입으로 인한 고용 감소 우려 해소 방안 모색
86,86,경제,"금융 혁신 기업, 경제 성장 동력으로 주목받음"
87,87,경제,ESG 투자 활성화… 지속가능한 경영 모델 중요성 부각
88,88,경제,친환경 기술 개발 투자 확대… 한국 경제 미래 선도
89,89,경제,디지털 전환 속도를 높이는 정책 필요성 대두
90,90,경제,사회적 책임 기업 활동 증가… 사회 발전에 기여
91,91,경제,"국내 중소기업, 해외 시장 진출 위한 지원 확대"
92,92,경제,"투자 유치 활성화, 한국 경제 성장 촉진 요인"
93,93,경제,"경제 불황, 소비심 저하… 식품 및 서비스 산업 영향 심각"
94,94,경제,금리 인상으로 인한 대출 비용 증가… 실업률 상승 우려
95,95,경제,"IT 기술 분야, 해외 능력자 유치 활성화"
96,96,경제,전기차 시장 성장 가속… 친환경 에너지 확대 추진
97,97,경제,미래 도시 구축을 위한 투자 증가… 스마트 기반 사회 구축
98,98,경제,"인공지능, 창업 및 일자리 창출 촉진 효과 예상"
99,99,경제,"데이터 분석 기술 활용, 경제 효율성 제고 노력"
100,100,경제,"불규칙적 소비 행태 개선, 지속 가능한 경제 발전 도모"
101,101,경제,"농업 분야, 스마트 기술 적용으로 생산성 향상"
102,102,경제,"관광 산업, 해외 관광객 유치 노력 강화… 경제 활성화 기대"
103,103,경제,온라인 쇼핑 증가 추세 지속… 소비 패턴 변화에 따라 새로운 사업 모델 등장
104,104,사회,"새로운 정책 발표, 사회적 약자 위한 지원 확대"
105,105,사회,"기업 CSR 참여 증가, 사회 공헌 활동에 대한 관심 고조"
106,106,사회,"인구 감소 심화, 노년층 돌봄 문제 재점화"
107,107,사회,"지역 주민 대상 교육 프로그램 운영 시작, 지역 경제 활성화 도모"
108,108,사회,사회적 거리감 해소 위해 온라인 커뮤니티 활용 확대
109,109,사회,"환경 보호를 위한 시민들의 움직임, 사회적으로 큰 공감 얻음"
110,110,사회,"아동 학폭 사건 증가 우려, 사회적 관심과 대책 마련 필요성 강조"
111,111,사회,장애인 인권 향상을 위한 법 개정 논의 시작
112,112,사회,사회 분열 해소 위해 다양성 존중 및 이해 중요성 강조
113,113,사회,"여성 참여 확대, 사회 발전에 필수적 요소로 인식"
114,114,사회,기술 변화 속 사회 적응력 강화 위한 교육 필요성 증대
115,115,사회,지속 가능한 사회 건설을 위한 지역사회 연계 프로그램 확산
116,116,사회,"사회적 불평등 해소, 국민들의 생활 질 향상 노력 계속 진행"
117,117,사회,"새로운 혁신 기업 활동, 지역 경제와 사회 발전에 기여"
118,118,사회,"사이버 공격 증가로 인한 사회적 파장 심각, 대응 방안 마련 필요"
119,119,사회,"소셜 미디어의 영향력 확대, 사회 분위기 형성에 큰 역할"
120,120,사회,사회 통합을 위한 다문화 이해 및 존중 교육 활성화
121,121,사회,"사회 복지 시스템 강화, 취약계층 지원 확대 필요"
122,122,사회,"빈곤 문제 심각해짐, 사회적 책임 의식 고취 필요"
123,123,사회,"인공지능 기술 발전, 사회 변화에 대한 준비 중요"
124,124,사회,사회 안전망 강화를 위한 정책 논의 활발 진행
125,125,사회,건강한 사회 분위기 조성 위해 양질의 교육 및 문화 콘텐츠 확대
126,126,사회,"평등한 사회 구현을 위한 노력, 지속적 추진 필요"
127,127,사회,"시민 참여 증가, 사회 문제 해결에 긍정적인 영향 미침"
128,128,사회,"사회 변화 적응력 향상, 개인과 사회의 성장 필수"
129,129,사회,지역사회 활성화를 위한 프로그램 개발 및 지원 확대
130,130,사회,"젊은 세대의 사회 참여 증가, 긍정적 변화 가져올 것으로 예상"
131,131,사회,사회 발전을 위한 공동체 정신 강화 중요
132,132,사회,사회 문제 해결 위해 다양한 이해관계자 간 소통 활성화
133,133,사회,"탈모 문제 사회적 주목도 증가, 치료 및 지원 노력 필요"
134,134,사회,소비 패턴 변화에 따른 사회적 영향 분석 필요
135,135,사회,"미래 도시 계획, 지속 가능한 사회 발전 위한 중요 요소"
136,136,사회,"사회적 책임 경영 확산, 기업의 윤리적 가치 강조"
137,137,사회,온라인 커뮤니티 활용으로 지역 사회 연결성 강화
138,138,사회,"지역 특색 살린 문화 콘텐츠 개발, 지역 경제 활성화 도모"
139,139,사회,"사회 정서 변화 파악, 맞춤형 정책 수립 필요"
140,140,사회,공동체 기반의 사회 지원 시스템 구축 필요
141,141,사회,인간 중심적인 사회 구현을 위한 노력 지속적 추진
142,142,사회,"개방성과 공감대 형성 중요, 포용적인 사회 건설"
143,143,사회,"사회 복지 서비스 질 향상, 국민들의 삶의 질 개선 노력"
144,144,사회,자원 재활용 및 환경 보호를 위한 사회적 움직임 활발히 진행
145,145,문화,"전국 영화관, '신입사원' 흥행세에 눈부시다"
146,146,문화,"K팝 아이돌 그룹, 해외 팬들과 온라인 콘서트 개최"
147,147,문화,"김혜수, 드라마 복귀작으로 화제 집중"
148,148,문화,"전통 무용단, 해외 투어로 한국 문화 알립니다"
149,149,문화,"신예 작가 데뷔 소설, 베스트셀러 차트 석권"
150,150,문화,"국립극장, 국내 최고 배우들의 감동적인 연기 선보이네요"
151,151,문화,"뮤지컬 '햄릿', 현대적 해석으로 관객 반향 불러일으키다"
152,152,문화,전시회 '한국 아름다움'에서 한국 미술의 매력 발견
153,153,문화,"아카데미 시상식, 한국 영화 수상 기대감 높아져"
154,154,문화,"젊은 예술가들의 창작 활동, 문화계 새로운 가능성 제시"
155,155,문화,"인공지능 기술 활용, 미래예술의 경계 넓혀간다"
156,156,문화,"전통 문양 디자인을 활용한 의류, 트렌디함과 전통성 조화"
157,157,문화,"독립 영화제 성장, 한국영화 시야 확장에 기여"
158,158,문화,"한국 음악, 세계 무대에서 새로운 화려함 선보이다"
159,159,문화,"전통 놀이 체험, 도시민들의 여가 활동을 풍요롭게"
160,160,문화,"문화예술교육, 21세기 시대 주도하는 인재 양성에 중요"
161,161,문화,"한국의 전통 음식, 세계인에게 사랑받는 맛의 진정성"
162,162,문화,"소셜 미디어 활용, 문화 콘텐츠 확산과 교류 증진"
163,163,문화,"문화예술 다양 화가 즐기는 도시, 창조적인 에너지 넘치네요"
164,164,문화,디지털 기술과 문화 예술의 조화로운 발전
165,165,문화,"국내 대형 박물관 확장, 한국 문화 유산 보존 및 전파"
166,166,문화,"인공지능 음악 작곡, 새로운 사운드와 가능성을 제시"
167,167,문화,"한국 영화의 세계적 인정, 국제 Film Festival에서 수상 기록 달성"
168,168,문화,"예술가들의 사회참여 활동, 문화와 공동체 발전에 기여"
169,169,문화,"문화 콘텐츠 경쟁력 강화, 한국 예술을 세계 무대에 선보이다"
170,170,문화,"한국 전통 축제, 세계인들에게 한국의 매력을 알리는 중요한 수단"
171,171,문화,"디지털 아트, 새로운 예술 표현 방식으로 관객들의 감동 사로잡네요"
172,172,문화,"문화예술 공간 개척, 지역 사회 활성화에 기여"
173,173,문화,"한국 전통과 현대가 만나는 문화 트렌드, 새로운 시각을 제시"
174,174,문화,"K-culture 확산, 한국의 문화적 영향력 강화"
175,175,문화,"문화재 보존 및 해외 유출 방지 노력, 한국 문화유산 지속 가능한 발전을 위한 전략"
176,176,문화,"문화 정책 변화, 예술계 활성화와 창작 활동 지원 필요"
177,177,문화,"온라인 플랫폼 활용, 문화 콘텐츠 접근성 확대 및 국제적 교류 증진"
178,178,문화,"문화예술 교육의 중요성 강조, 미래 세대를 위한 핵심 역량 함양"
179,179,문화,"한국 문화 예술, 세계 무대에서 새로운 기회 창출"
180,180,문화,"인공지능과 데이터 분석 활용, 문화 콘텐츠 제작 효율성 증대"
181,181,문화,"문화예술 공간 확충, 예술가 지원 및 다양한 프로그램 개발"
182,182,문화,"국제 문화 교류 확대, 한국의 문화적 다양성 보급"
183,183,문화,"한국 전통 음악의 세계적 인정, 국제 무대에서 새로운 시각 제시"
184,184,국제,"미중 갈등 심화, 세계 경제 불안감 증폭"
185,185,국제,"우크라이나 전쟁 지속, 휴전 협상 기회 미흡"
186,186,국제,"NATO 확장 논란 재점화, 러시아-서방 갈등 고조"
187,187,국제,"북한 미사일 발사, 동아시아 안보 우려 고취"
188,188,국제,"이스라엘-팔레스타인 분쟁 재점화, 국제 사회 당황"
189,189,국제,"글로벌 기후변화 위기 심각, COP28에서 대규모 정책 논의 예고"
190,190,국제,"WTO 장관회의, 세계 무역 불확실성에 대응"
191,191,국제,"WHO, 새로운 바이러스 전염병 확산 경보 발령"
192,192,국제,"IMF, 글로벌 경제 성장률 하향 조정, 세계 경제 침체 우려 증대"
193,193,국제,"한미일 정상회담, 북한 위협에 강력 대응 공약"
194,194,국제,"EU, 새로운 산업 기술 개발 위한 투자 확대 계획 발표"
195,195,국제,"인도-중국 국경 소송, 지역 안보 불안감 고조"
196,196,국제,"아랍의 봄 이후 지속적인 정치적 불안정, 국가 재건 방침 논쟁"
197,197,국제,"남미 국가들, 경제협력 강화 위한 새로운 동맹 결성"
198,198,국제,"오세아니아 지역, 해수면 상승으로 인한 피해 심각"
199,199,국제,"러시아-유럽 파트너십 악화, 에너지 전쟁 지속"
200,200,국제,"멕시코 대통령 선거 결과 발표, 정치적 시스템 변화 예상"
201,201,국제,"아프리카 국가들, 식량부족 문제 해결 위한 국제 사회 협력 요구"
202,202,국제,"영국, EU 탈퇴 이후 경제 상황 악화 추세"
203,203,국제,"중동 지역, 테러 조직 활동 증가로 인한 안보 위협 심각"
204,204,국제,"대한민국, UN 평화 유지군에 추가 지원 병력 파견 예정"
205,205,국제,"일본, 과학 기술 분야 국제적 경쟁 우위 확보 위한 노력 강화"
206,206,국제,"호주, 태평양 지역 안보 구축 위한 새로운 정책 추진"
207,207,국제,"중국, 동남아시아 국가들과의 경제 교류 강화 시도"
208,208,국제,"카자흐스탄, 러시아와의 연합 관계 재검토 논란"
209,209,국제,"이탈리아, 내부 혼란으로 인한 정치적 위기 심각"
210,210,국제,"터키-시리아 국경 소송 이슈 재점화, 지역 안보 불안 고조"
211,211,국제,"세계 은행, developing 국가들의 경제 개발 지원 강화"
212,212,국제,"인도, 우주 탐사 분야에서 선진국 도약 노력"
213,213,국제,"남아프리카 공화국, 사회 불평등 문제 해결 위한 정책 추진"
214,214,국제,"브라질, 환경 보호 및 지속가능한 발전을 위한 국제 협력 강화"
215,215,국제,"인도네시아, ASEAN 리더십 확보를 위한 노력 가속"
216,216,국제,"튀르키예, 지역 안보 위협에 대응하기 위한 군사적 대비 강화"
217,217,국제,"베트남, 경제 성장과 사회 발전을 위한 혁신 기술 투자 확대"
218,218,국제,"아일랜드, EU 내에서 더 많은 권력 요청으로 논란 확산"
219,219,국제,"필리핀, 자원 개발 및 경제 성장을 위한 중국과의 관계 개선 노력"
220,220,국제,"스웨덴, NATO 가입 논쟁 지속되면서 정치적 분열 심화"
221,221,국제,러시아-우크라이나 전쟁 영향으로 아프리카 지역 식량 부족 문제 악화
222,222,국제,"북한의 무기 개발, 동아시아 안보 불안 고조"
223,223,국제,미국 국회에서 북한 위협에 대한 군사적 대응 정책 논의 가열
224,224,국제,중국의 극대주의적인 외교 정책으로 인해 세계 평화 위협 심각
225,225,스포츠,"K리그, 시즌 개막 전열 확산… 강팀 대결 예고!"
226,226,스포츠,김혜선 선수 '깜짝' 은퇴 선언… 한국 양궁에 큰 손실?
227,227,스포츠,"레알 마드리드, 챔피언스리그 우승 목표 달성!"
228,228,스포츠,"올림픽, 한국 드림팀 새 역량 뽐내고!"
229,229,스포츠,"손흥민 선수, 프리미어리그 선두 주자…"
230,230,스포츠,"박찬호·김동욱, NBA 레전드들과 경기하며 위력 증명"
231,231,스포츠,"트로피 기다리는 승부… 프로야구, 한국 시리즈 재점화!"
232,232,스포츠,코치 갈등 속 팀의 부활은? KBL 성장에 새로운 동력
233,233,스포츠,"한국의 농구 천재, NBA에서 새 지평 열다!"
234,234,스포츠,이탈리아 유니폼 입고… 손흥민 선수 한국 축구 대표팀 이끌리나?
235,235,스포츠,"새로운 스타 발돋움… e스포츠 세계를 뒤흔들!"""
236,236,스포츠,"UFC 전설 퇴출, 새로운 영웅은 누구일까? "
237,237,스포츠,아시아 게임에서 금메달 꿈! 한국 선수들의 포부
238,238,스포츠,프리미어 리그 최고의 골키퍼 경쟁 시작!
239,239,스포츠,"라이트급 세계챔피언십 결정전, 무대는 서울!"
240,240,스포츠,"대한민국 여자축구, 월드컵 진출 목표 고취!"
241,241,스포츠,"새로운 스포츠 트렌드, 전세계 관심 집중!"
242,242,스포츠,2024 올림픽 개최국 선정… 한국 도전
243,243,스포츠,"한국의 스포츠 마케팅 기업, 해외 진출! "
244,244,스포츠,스포츠 기술 발전… 새로운 경험 제시!
245,245,스포츠,"인공지능과 스포츠의 만남, 새로운 시대 열망!"
246,246,스포츠,"심화되는 팬 문화, 팬 활성화 위한 노력"
247,247,스포츠,"스포츠 스타 협업, 새롭게 이끌어나가는 패러다임 "
248,248,스포츠,"자원봉사와 스포츠의 조화, 사회적 책임 강화!"
249,249,국제,美中 갈등 심화…'대륙붕소' 대규모 군사 행동 시전?
250,250,국제,미중 갈등 심화...태평양 주변 전략 경쟁 치열해지나
251,251,국제,"EU, 미국의 인프라 투자로 한국 동맹 강화 추진"
252,252,국제,"우크라이나전 참모총장 러시아군 공격 억제 성공"""""
253,253,국제,NAFTA 재협상...북미 삼국 경제 갈등 심화 우려
254,254,국제,"아랍에미리트, 국제기구 통해 북한과 대화 시도"
255,255,국제,"OPEC+, 에너지 생산량 조정으로 글로벌 기름 가격 변동"
256,256,국제,G20 정상회의서 글로벌 경제 회복 및 이슈 논의 집중
257,257,국제,"인도, 우주개발 기술력 강화...항성 착륙 목표 설정"
258,258,국제,"유엔, 아프리카 식량 위기에 대한 국제적 지원 요청"
259,259,국제,"한국, UN 평화 유지군 참여 확대…북한 동맹국과 대립 가능성 증가"
260,260,국제,중동 지역에서 새로운 핵무기 경쟁 심화 우려
261,261,국제,인도-파키스탄 갈등 재점화...글로벌 안보 위협 고조
262,262,국제,"러시아, 독일 기업에 대한 제재 강화...EU 경제 불안 증폭"
263,263,국제,"영국, EU 탈퇴 후 국제 무역 거래 약화 우려"
264,264,국제,"남아공정부, 자국경제 위기 해결 위해 새로운 정책 시행"
265,265,국제,이란-미국 간 핵협상 재개...전세계의 관심 집중
266,266,국제,코로나 팬데믹 이후 국제 사회 복구 및 지속가능성 논쟁
267,267,국제,"오세아니아 지역, 해수면 상승으로 인한 기후변화 위험 증대"
268,268,국제,"북유럽 국가들, 극심한 추위 속에서 대규모 에너지 부족 문제 발생"
269,269,국제,기술 경쟁 심화…중국-미국의 AI 개발 전쟁 예고
270,270,국제,"프랑스, 국내 불안정 해결 위해 새 정치 연대 구축 시도"
271,271,국제,"캐나다, 북극 지역의 자원 개발 권익 확보 노력"
272,272,국제,"일본, 태평양 주변 국가들과 군사 협력 강화 추진"
273,273,국제,"호주, 국제 사회에서 지속 가능한 발전을 위한 리더십 역할 수행"
274,274,국제,"이탈리아, 경제 위기 속에서 새로운 정권 구성"
275,275,국제,"멕시코, 인권 문제 해결 위해 노력…국제 사회적 비판에 직면"
276,276,국제,"스페인, 여전히 코로나 팬데믹 영향으로 경제 어려움 겪고 있음"
277,277,국제,"네덜란드, 온라인 플랫폼의 지배적인 부분을 국내 기업에게 할당 시도"
278,278,국제,"터키, 최근 발생한 지진 이후 재건 및 안전 확보에 집중"
279,279,국제,"벨기에, 새로운 EU 법안 제정…기술 발전과 민간 생활 보호의 균형점 찾기"
280,280,국제,"폴란드, 우크라이나 전쟁으로 인해 국제적 부담 증가"
281,281,국제,"EU, 러시아 에너지 의존도 완화 위한 노력 가속화"
282,282,국제,미중 갈등 심화: 남해 영역에서 군함 충돌 위기
283,283,국제,"북한, 장거리 미사일 발사…국제 사회 공분"
284,284,국제,"EU, 러시아에 추가 제재… 침략 반대 국제적 우선순위 높여"
285,285,국제,"WHO, 코로나 변이주 대응을 위한 세계적인 모니터링 강화"
286,286,국제,COP27에서 기후변화 대비 실행 계획 논의…국가 간 갈등 상승
287,287,국제,"G7 정상회담, 우크라이나 전쟁 위기 해결과 글로벌 경제 회복 주요 논점"
288,288,국제,"미, 태평양 지역 내 군사력 강화…중국에 대응하는 전략 발표"
289,289,국제,"아프리카 사막 국가들, 기후 변화와 인구 증가로 극심한 환경 위기"
290,290,국제,"UN총회, 세계 평화와 안보 위해 국제 협력 강조"
291,291,국제,"오세아니아 지역, 해양 플라스틱 오염 심각성에 대한 우려 제기"
292,292,국제,"영국, EU탈퇴 이후 새로운 무역 전략 추진…EU와의 관계 악화 우려 증대"
293,293,국제,"중국, 인도-태평양 지역 경제력 확장 위한 대규모 투자 계획 발표"
294,294,국제,"러시아, 우크라이나 전쟁 속 국제 사회 분단 심화…다각적인 비난에 직면"
295,295,국제,"인터넷 자유와 보안 문제, 국제 사회 논의 주요 과제로 부상"
296,296,국제,"국제 기구, 팬데믹 대비 시스템 강화 위해 노력…미래 전염병 방지 위한 정책 수립"
297,297,국제,한반도 미사일 위험 상승…국제 사회 관심 집중
298,298,국제,"아시아 국가들, 경제 성장과 환경 보호 사이의 균형 찾기 위한 노력 강화"
299,299,국제,"미군, 중동 지역에서 지속적인 군사적 역할 이어질 것으로 전망"
300,300,국제,세계 인구 증가로 인한 자원 부족 문제 심각…국제 사회 대응 방안 마련 시급
301,301,국제,"글로벌 경제 불황 우려 속, 세계 은행 국제 협력 강조"
302,302,국제,러시아-우크라이나 전쟁의 영향 아시아 국가들도 피해…지역 경제 활동 저하
303,303,국제,"국제 기구, 자율주행 기술 발전에 따른 윤리적 문제 해결을 위한 논의 진행"
304,304,국제,"미국, 외교력 강화를 통한 국제 사회 영향력 확대 전략 추진"
305,305,국제,북한의 군사력 증강과 핵무기 개발…국제 사회 경계 위협에 대한 우려 제기
306,306,국제,"한국-일본 관계 개선 노력, 아시아 지역 안정에 기여할 것으로 기대"
307,307,국제,인공지능 기술 발전과 국제적인 윤리적 논쟁 심화…책임 소재 명확히해야
308,308,국제,"국제 사회, 공동의 과제로서 인류 복지 향상을 위한 노력 강화"
309,309,국제,글로벌 난민 문제 악화…국제사회 대응 방안 마련 시급
310,310,국제,"'미국, 중국의 경제 성장에 대한 경쟁 심화…' 세계 질서 불안정 가능성 우려"
311,311,국제,"유럽 연합, 기후변화 대비 목표 달성 위한 자금 확보 노력"
312,312,국제,"중앙아시아 국가들, 지역 안보 문제 해결 위해 협력 강화"
313,313,국제,"국제 사회, 국민의 의사를 반영하는 정치 시스템 구축 중요성 강조"
314,314,국제,새로운 감염병 위험 증가…국제 사회 대비 체계 확충 필요
315,315,국제,미래 기술 발전으로 인해 발생할 수 있는 국가 간 경쟁 심화 예상
316,316,국제,"국제 기구, 글로벌 공공질서 유지와 강화를 위한 노력 지속"
317,317,국제,중국과 미국의 군사적 긴장 상황…전 세계의 불안감 증대
318,318,국제,"아프리카 지역, 개발 도상국 중 활발한 경제 성장 추세"
319,319,국제,글로벌 경제 공동체 구축 노력 지속…국가 간 상호 의존성 증대
320,320,국제,"인터넷 이용 빈도 증가에 따른 사이버 보안 문제 심각… 국제적 대응 필요"""
321,321,국제,"미군, 아프리카 지역 내 평화 유지를 위한 활동 강화"
322,322,국제,"국제 사회, 세계 금융 시스템 안정화 노력 지속…금융 위기 예방 위해 전략 수립"
323,323,국제,전 세계 국민들의 관심과 참여를 통한 국제적인 문제 해결 필요성 증대
324,324,국제,글로벌 긴급 상황 발생 시 국제 사회의 협력적 대응 중요성 강조
325,325,국제,"국제 개발 공동체, 세계 각국의 경제 성장을 위한 지원 지속"
326,326,국제,미중 갈등 심화 속에서 인도-태평양 지역 국가들의 중립적 입장 필요성 부각
327,327,국제,인류 존재를 위협하는 글로벌 문제 해결 위해 국제 사회 연대 강조
328,328,국제,오랜 시간 이어진 전쟁과 분쟁의 종식을 위한 국제 노력 지속
329,329,국제,국제 법률 체계 강화…정치적 영향력으로 인한 부패 방지 위해 노력 필요
330,330,국제,"사이버 공격 증가 속, 국가 보안 문제에 대한 국제 협력 증진 필요"
331,331,국제,인공지능 기술의 발전과 윤리적 문제…국제 사회적 합의 도출 시급
332,332,국제,글로벌 환경 문제 해결을 위한 국제 협약 체결와 실행 강화
333,333,국제,국제적인 인권 이행을 위한 국민들의 적극적인 참여 유도
334,334,국제,미래 기술 발전에 따른 새로운 기회 창출…국제 사회 상호 협력 필요
335,335,국제,지속 가능한 개발 목표 달성 위해 국제 사회 협력 강화
336,336,국제,글로벌 의료 시스템 구축을 위한 국제적 노력 지속
337,337,국제,국제적인 자원 공유…가능한 방식으로 모든 국가에 이익을 가져다주는 시스템 구축 필요
338,338,국제,"지구온난화 문제 해결 위해 국제 사회 공동 대응… 협력 증진 필요함"""
339,339,국제,글로벌 식량 안보 확보를 위한 국제적 노력 강화
340,340,국제,"국제 사회, 세계 평화 유지를 위한 전략적 협력 체계 구축"
341,341,국제,한국-미 연합 훈련 강화… 북한 비핵화에 '압박'
342,342,국제,"아프리카 내 식량 위기 심각… 우수국, 구호 지원 약속"
343,343,국제,"인도네시아, G20 의장국으로서 개발도상국의 목소리 전달"
344,344,국제,"브라질 대통령 선거, 치열한 경쟁…"
345,345,국제,"OECD, 글로벌 경제 성장 전망 하향 조정… IMF '위험 증가'"
346,346,국제,"태평양 상황 불안 고조… 일본, 미국과의 군사 협력 강화"
347,347,국제,"중국, 남동아시아 국가들 대상 인프라 투자 확대…"
348,348,국제,"영국, EU와 재협상 시도… Brexit 이후 '복합적 결과' 연출"
349,349,국제,한미일 삼자회의 개최… 북한 위협에 대한 공조 강화
350,350,국제,"UN, 우크라이나 전쟁 지속… 평화 협상 진전 어려움"
351,351,국제,"유엔총회, 기후변화 대비 위한 국제 사회적 노력 필요성 강조"
352,352,국제,"WTO, 글로벌 무역 체계 안정성 확보를 위한 노력 추진"
353,353,국제,인구 문제 심각해지는 선진국… 이민 정책 논쟁 활발
354,354,국제,"탈북자, 한국 사회 적응 어려움 … 지원 강화 필요성 제기"
355,355,정치,"총리 '핵심과제는 경제 일자리 창출', 국민소통 강화 약속"
356,356,정치,"지방선거, 자율주권 논쟁 심화… 지역 주민 참여 확대 시도"
357,357,정치,野당 '정부 인사 비밀조치' 반발… 야당 공세 고조
358,358,정치,"국회 본교육위원회, 대학입시 부패 사건 심리 강화"
359,359,정치,"미중 갈등 악화… 외교적 노력 지속 중"""
360,360,정치,개인정보보호법 개정안 국회 전격 처리… 논란 분자 촉발
361,361,정치,"녹색 정책 추진, '기후변화 대응' 주요 목표"
362,362,정치,"사회복지 제도 강화 필요성 재점검… 사회적 약자 지원 확대"""
363,363,정치,"최근 국민 만족도 하락… 정부 실효성 검토 시급"""
364,364,정치,시민참여 기반 의회 운영 논의… 소통 증진 위한 노력 지속
365,365,정치,"새로운 법안 제정, '인공지능 윤리' 중심"
366,366,정치,"선거법 개혁 논쟁, 정치개혁 동반 추진 필요성 제기"
367,367,정치,해외 원자력 안전 시스템 공유… 국제협력 강화 노력
368,368,정치,"탈세 범죄 예방 및 처벌 강화… 세금 의무 준수 장려"""
369,369,정치,국가균형발전 전략 추진… 지역 경쟁력 제고 위한 정책 마련
370,370,정치,"경제 성장 동력 확보, '투자 유치' 주요 과제"
371,371,정치,"산업 구조 변화 대응… 혁신 기술 도입 시대"""
372,372,정치,국가 안보 강화… 군사력 증강 및 국제협력 활성화
373,373,정치,북한 문제 해결을 위한 다자간 협상 지속… 평화적 분위기 조성 노력
374,374,정치,"여러 분야 정책 개선 필요… 과도한 행정 심플리파이게이션 논란"""
375,375,정치,국민 건강 증진 위해 의료 서비스 질 향상 노력
376,376,정치,"교육 시스템 개혁 추진… 학생 맞춤형 교육 모델 도입"""
377,377,정치,문화 예술 발전을 위한 투자 확대… 창조 경제 육성
378,378,정치,"스마트 도시 건설, '지속가능한 개발' 목표로 추진"
379,379,정치,"정보통신 기술 발전… 디지털 환경 적응 및 윤리적 가이드라인 마련"""
380,380,정치,기후 변화 대응을 위한 국제 협력 강화… 지구 온난화 방지 노력
381,381,정치,"생명공학 연구 진행… 새로운 의료 기술 개발"""
382,382,정치,다양성 존중 사회 구축 위해 정책 마련… 차별 및 편견 해소 노력
383,383,정치,국가 이미지 제고를 위한 국제적 위상 강화 노력
384,384,정치,"지속 가능한 발전을 위한 공공 서비스 개선… 시민 만족도 향상"""
385,385,정치,혁신과 성장을 위한 정책 과제… 지식 기반 경제 구축
386,386,정치,"국가 안보와 국익 보호 위해 노력 지속… 외교 활동 강화"""
387,387,정치,"미래 사회 변화 대응에 필요한 인적 자원 개발… 교육 시스템 개선"""
388,388,정치,"사회적 불평등 해소를 위한 정책 추진… 모든 국민의 권리 보장"""
389,389,정치,"지속 가능한 발전을 위한 환경 보호 노력 강화… 탄소 배출 감축"""
390,390,정치,"정보 접근성 확대, 민주주의와 자유 시민 의사결정 기회 증진"
391,391,사회,"가계부 작성 습관 유지, 재정 안정 도모 위한 실질적인 노력 중요"
392,392,사회,우울증 고민? 정신 건강 상담 접근성 향상 위한 사회적 관심 필요
393,393,사회,인공지능 시대에 인간 관계의 변화와 새로운 사회 구조
394,394,사회,"사회적 약자 지원 확대, 포용적인 사회 조성 위해 노력"
395,395,사회,"불평등 심화 우려 속 경제 정책, 사회 통합과 미래 성장 발전 고려 필요"
396,396,사회,"지역 주민 참여 활성화, 공동체 의식 함양을 위한 민간-공공 협력 강화"
397,397,사회,"사회적 약자를 위한 창업 지원 확대, 경제 활동 기회 제공 및 사회 통합 도모"
398,398,사회,새로운 기술 발전과 일자리 변화에 대한 사회적 대비책 수립 필요
399,399,사회,"소통의 중요성 강조, 지역 사회의 공감대 형성을 위한 다양한 프로그램 개발"
400,400,사회,"다양성 존중하는 사회 분위기 조성, 차별 없는 사회 구축 노력 지속"
401,401,사회,"사회적 책임 의식 함양, 자원봉사 참여 활성화를 통한 공동체 발전 기여"
402,402,사회,"교육 및 사회복지 서비스 질 향상, 미래 세대에게 긍정적인 사회 환경 제공"
403,403,사회,"환경 보호와 사회적 책임 연계, 지속 가능한 발전을 위한 노력 강화"
404,404,사회,"사회복지 시스템 개선, 소외 계층 지원 및 안전망 구축 필요"
405,405,사회,"사회 변화에 대한 적응 능력 향상, 새로운 기회 창출 및 사회 발전 추진"
406,406,사회,"정보 접근성 확대, 모든 국민이 정보 활용으로 이익을 얻는 사회 만들기"
407,407,사회,"지역 사회 문제 해결을 위한 민관 협력 체계 구축, 참여와 소통 강화"
408,408,사회,"사회 통합 노력, 다문화 사회 적응 지원 및 이해 증진"
409,409,사회,"사회적 책임 경영 확산, 기업의 지속 가능한 발전과 사회 공헌 기여"
410,410,사회,"노인층의 권익 보호와 지원 강화, 건강하고 활기찬 노년 생활 환경 조성"
411,411,사회,"장애인 인권 존중 및 차별 해소 노력 지속, 포용적인 사회 구축"
412,412,사회,"새로운 사회 도전과 과제, 젊은 세대의 참여와 창조성을 통해 발전 추진"
413,413,사회,"사회 개혁 필요성 강조, 기존 시스템 문제점 분석 및 해결 방안 모색"
414,414,사회,"온라인 공간에서의 건강한 사회적 상호작용 증진, 사이버 폭력 예방 노력"
415,415,사회,"AI 기술 도입과 사회 변화 적응, 새로운 일자리 창출 및 교육 시스템 개선"
416,416,사회,"지역 사회 발전을 위한 민주 참여 확대, 지역 주민의 의견 수렴 및 정책 결정 과정에 참여"
417,417,사회,"사회적 문제 해결을 위한 국제 협력 강화, 공동 목표 달성 노력"
418,418,사회,"인간 중심 사회 구축, 기술 발전과 윤리 고려 병행 필요"
419,419,사회,"새로운 경험 공유 문화 확산, 다양한 배경의 사람들 간 소통 증진"
420,420,사회,"사회적 책임 기반 경제 활동 추진, 지속 가능한 발전 및 사회 공헌"
421,421,사회,지역 주민과 함께 만들어가는 건강하고 긍정적인 사회 분위기 조성
422,422,사회,"사회 참여와 개인의 자율성 존중, 민주적 가치 강화를 위한 노력 지속"
423,423,사회,사회 문제 해결을 위한 전문가 네트워크 구축 및 정보 공유 활성화
424,424,사회,"사회적 약자에 대한 이해 증진 및 연대 강화, 공동체 의식 함양 노력"
425,425,사회,"차별 없는 사회 건설, 모든 사람에게 존중과 기회를 제공"
426,426,사회,"지속 가능한 발전을 위한 사회적 합의 도출, 환경 보호와 경제 성장 병행"
427,427,사회,"사회 변화에 대한 적응 능력 강화, 새로운 기술 활용 및 역량 개발"
428,428,사회,"공정성 확보, 모든 국민에게 공평한 기회 제공을 위한 노력 지속"
429,429,사회,"지역 사회 문제 해결을 위한 민주적 참여 확대, 지역 주민의 의견 수렴 및 정책 결정 과정에 참여"
430,430,사회,"사회 발전과 개인 성장 동기 부여, 긍정적인 미래를 향한 사회적 투자 "
431,431,사회,"문화 다양성 존중하는 사회 분위기 조성, 차별 없는 사회 구축 노력 지속"
449,449,정치,"野党, 대통령 후보 지지 발표 논란"
450,450,정치,재선 도전 여부에 대한 문재인 대통령 의견 공개 예상
451,451,정치,내각 구성 과정에서 발생한 정당 간 갈등 심화
452,452,정치,"국회의원 임기 말 최후 활동, 야권의 민주주의 옹호 강조"
453,453,정치,"지방선거 결과 분석, 대도시 지역에서 청년들의 참여율 증가"
454,454,정치,"새로운 정치 개혁 법안 제출, 국민적 논의 필요성 제기"
455,455,정치,정세 불확실성 속 한국 경제 활력 상승 요구
456,456,정치,"핵무기 논쟁 재점화, 국제 사회 집중 관심"
457,457,정치,"인플레이션 대책 마련, 정부와 중앙은행의 긴박한 대립"
458,458,정치,"자율주도 외교 전략 추진, 한국 국익을 위한 새로운 시대 도래?"
459,459,경제,올해 세금 인상 가능성 높아지며 시장 불안 심화
460,460,경제,美 금리 인상으로 한국 주식시장 하락세 지속
461,461,경제,"전기료, 가스가격 천사 비행… 에너지 가격 전망 악화"
462,462,경제,"NFT 거래량 급증, 디지털 자산 시장 성장 추세"
463,463,경제,실물 경제 활력 저하… 중국 경제 성장률 감소 우려
464,464,경제,은행금리 인상에도 부동산 가격 상승 지속될까?
465,465,경제,"기업 혁신 활성화… 정부, R&D 지원 확대"
466,466,경제,한반도 통합 시 대외경제 확대 효과 기대
467,467,경제,글로벌 공급망 불안정 심화… 국내 업계 어려움 증가
468,468,경제,AI 기술 발전으로 창업 활성화 전망
469,469,경제,"인공지능, 자동화 도입으로 노동 시장 변화 초래"
470,470,경제,"비디오 게임 산업 급성장, 해외 시장 진출 확대"
471,471,경제,스마트폰 성장세 감소… 새로운 소비 트렌드 등장
472,472,경제,데이터 분석 기술 활용… 기업 경쟁력 강화
473,473,경제,온라인 쇼핑몰 이용 증가… 오프라인 점포 위기?
474,474,경제,국내 금융 시장 안정성 확보 위한 노력 본격화
475,475,경제,ESG 투자 선호도 높아지며 지속 가능한 발전 추진
476,476,경제,환경 친화적 기술 개발에 대한 투자 증가
477,477,경제,글로벌 탄소 배출량 감축 목표… 국제협력 강화
478,478,경제,미래 에너지원 연구 개발 위한 정부 지원 확대
479,479,경제,재생에너지 분야 경쟁 심화… 친환경 기술 선도국 등장
480,480,경제,"자동차 산업 혁신… 전기차, 자율주행 시스템 도입"
481,481,경제,헬스케어 산업 성장세 지속… 의료 기술 발전
482,482,경제,사이버 보안 취약점 해결 위한 노력 강화
483,483,경제,"인공지능 기반 교육, 미래 사회 대비 필수"
484,484,경제,디지털 바이러스 확산 위험… 정보보호 시스템 강화
485,485,경제,통신 기술 발전으로 네트워크 속도 향상
486,486,경제,5G 기술 적용으로 새로운 서비스 개발
487,487,경제,"메타버스, 가상현실 환경에서 경제 활성화 기대"
488,488,경제,블록체인 기술 활용… 투명하고 안전한 거래 시스템 구축
489,489,경제,크라우드 펀딩 플랫폼 이용 확산… 새로운 투자 모델 등장
490,490,경제,"핀테크, 금융 서비스 개혁 주도하는 혁신적인 기술"
491,491,경제,데이터 기반 경제 활성화 위한 정책 추진
492,492,경제,"디지털 전환 시대, 미래 인재 양성에 대한 필요성 증대"
493,493,사회,"**장애인 지원 강화, 새로운 사회적 인프라 구축 논의 확산**"
494,494,사회,"**기업 CSR 활동 확대, 사회공헌과 경쟁력 증진의 시너지 효과 기대**"
495,495,사회,"**빈곤층 지원 정책 재검토, 실질적인 개선 필요성 대두**"
496,496,사회,"**사회적 약자를 위한 인식 개선 캠페인, 다양한 참여 유도**"
497,497,사회,"**지역 사회 발전을 위한 시민 참여 활성화, 공동체 정신 조성 노력**"
498,498,사회,"**청소년 심리 건강 문제 심각성 대두, 전문가의 관심과 지원 필요**"
499,499,사회,"**고령화 사회 대비 육아 인식 변화, 돌봄 시스템 구축 강구**"
500,500,사회,"**미래를 위한 교육 개혁 논의, 창의적 사고와 실무 역량 강화 추진**"
501,501,사회,"**IT 기술 활용으로 지역 사회 발전 도모, 디지털 격차 해소 노력**"
502,502,사회,"**환경 문제 심각성 인식, 지속 가능한 사회 구축을 위한 노력 고조**"
503,503,사회,"**평화로운 사회 조성, 국제 협력 강화 및 갈등 해결 노력 중요성 부각**"
504,504,사회,"**사회적 불평등 해소를 위한 정책 추진, 기회균형 확보 위해 노력**"
505,505,사회,"**인간 중심적인 사회 구축, 윤리적 가치와 기술 발전의 조화 필요**"
506,506,사회,"**다문화 사회 건설, 각 문화 이해와 존중 증진 노력 강화**"
507,507,사회,"**지식 공유 및 협업 활성화, 정보 접근성 향상을 통한 사회 발전 도모**"
508,508,사회,"**사회적 책임 의식 함양, 개인의 참여와 경험을 통한 사회 변화 이끌기**"
509,509,사회,"**소통과 공감 기반 사회 조성, 갈등 해결 및 협력 증진 노력**"
510,510,사회,"**지역 주민 참여 유도, 지역 발전을 위한 시민 운동 활성화**"
511,511,사회,"**사회적 변화에 대한 대비와 적응, 새로운 전략 수립 필요성 제기**"
512,512,사회,"**디지털 기술의 사회적 영향 분석, 윤리적 문제점 및 해결 방안 모색**"
513,513,사회,"**온라인 공간에서의 사회적 소통 활성화, 온·오프라인 공존 모델 구축 필요**"
514,514,사회,"**사회 안전망 강화, 취약계층 지원 정책 확대 추진**"
515,515,사회,"**새로운 사회 전망 제시, 미래 사회에 대한 논의와 대비 필수**"
516,516,사회,"**성평등 사회 실현을 위한 노력, 여성 권리 증진 및 기회 확대 필요**"
517,517,사회,"**소통과 이해를 통한 사회 분열 해소, 공동체 의식 고취 노력 강화**"
518,518,사회,"**사회적 책임 실천, 기업의 윤리적인 경영 방침 중요성 부각**"
519,519,사회,"**미래 세대를 위한 교육 개혁 필요성 대두, 인재 양성 및 사회 적응력 향상 추진**"
520,520,사회,"**지속 가능한 발전 모델 구축, 환경 보호와 사회적 안녕과의 균형 중요**"
521,521,사회,"**다양성을 존중하는 사회 문화 조성, 개인의 가치와 창의성 활용 노력**"
522,522,사회,"**공정하고 투명한 사회 시스템 구축, 국민 참여 및 정책 평가 강화 필요**"
523,523,사회,"**사회 변화에 대한 적응 능력 강화, 변혁과 발전을 위한 준비 중요성 부각**"
524,524,사회,"**인공지능 기술의 사회적 영향 분석, 윤리적 문제점 및 해결 방안 모색 노력**"
525,525,사회,"**사회적 통합 노력, 공동체 의식 강화 및 차별 없는 사회 조성 추진**"
526,526,사회,"**시민 참여 확대, 정책 결정 과정에 시민 소통과 의견 수렴 활성화**"
527,527,사회,"**인간 중심적인 사회 구축, 기술 발전과 윤리적 가치의 조화 중요성 강조**"
528,528,사회,"**사회적 약자 보호 및 지원, 공평한 사회 만들기 위한 노력 지속 필요**"
529,529,사회,"**지역 사회와 국가 차원의 협력, 문제 해결 및 발전을 위한 상호 보완 추진**"
530,530,사회,"**미래 사회를 위한 대비와 준비, 변화에 대한 적응성과 유연성 확보 중요**"
531,531,사회,"**사회적 책임 의식 함양, 개인의 경험과 참여를 통한 사회 발전 이끌기 노력**"
532,532,사회,"**온라인 공간에서의 사회적 소통 활성화, 온·오프라인 공존 모델 구축 필요성 부각**"
533,533,사회,"**사회 변화에 대한 지속적인 관찰 및 분석, 문제 해결을 위한 근본적인 접근 필요**"
534,534,사회,"**국제 협력 강화, 글로벌 사회 문제 해결을 위한 공동 노력 중요성 강조**"
535,535,문화,전국 각지에서 열리는 '한국 전통예술 축제' 관람객 증가세
536,536,문화,"김희석, 뮤지컬 '아름다운 인생' 주연으로 또 한 번 감동을 선사한다"
537,537,문화,K팝 아이돌 그룹 새 해상 최고 가요 시상식 후보 발표
538,538,문화,NFT 아트로 예술계 트렌드 변화? 전문가 인터뷰
539,539,문화,"국립중앙박물관, 신규 특별전 '한국 전통 의상 이야기' 개최"
540,540,문화,영화 '킹덤 3' 방영 종료 후 팬들 감동과 기대 조장
541,541,문화,"신인 작가의 베스트셀러 소설, 영화화 논의 시행"
542,542,문화,"K뷰티 브랜드, 해외 매출 증가세에 성공 공식 발표"
543,543,문화,한국의 '전통 한복' 세계 각지에서 인기를 얻다
544,544,문화,한국 전통 음악과 현대 음악의 융합 프로젝트 시작
545,545,문화,"드라마 제작비 증가, 콘텐츠 경쟁 심화?"
546,546,문화,"국제 영화제 수상 작품, 한국 감독의 독창성 강조"
547,547,문화,문예잡지 구독자 변화 추세 분석
548,548,문화,온라인 게임 캐릭터 디자인 전시회 개최
549,549,문화,소설 '괴물' 번역본 세계 각국에서 인기
550,550,문화,"비디오 게임 개발사, 새로운 장르 도전과 성장 기대"
551,551,문화,독립 영화제 활성화에 대한 시민들의 기대와 관심 증가
552,552,문화,K팝 팬덤의 글로벌 확산 현상 분석
553,553,문화,이색적인 공연 '시공간 여행' 흥행 신화?
554,554,문화,전통문화를 활용한 새로운 관광 상품 개발 추세
555,555,문화,"고급 예술 작품 수집가, 한국 미술 시장의 활력 기반?"
556,556,문화,"현대미술 전시회, 다양한 개념과 사상을 경험할 수 있는 공간"
557,557,문화,문화예술 지원 정책 확대 논의 재점화
558,558,문화,문화 콘텐츠 산업 성장 동향 분석
559,559,문화,소극적인 예술 활동 촉진 위한 노력 시행?
560,560,문화,미디어 기술 발전과 문화 콘텐츠 변화
561,561,문화,"인공지능 활용, 미래 문화산업의 새로운 가능성"
562,562,문화,문화예술 교육의 중요성에 대한 사회적 인식 개선 필요
563,563,문화,문화 예술 공간 확대와 접근성 향상 노력
564,564,문화,디지털 시대 맞춤형 문화 콘텐츠 제작 추세
565,565,문화,국제 문화 교류 활성화 방안 논의
566,566,문화,"한국 문화 브랜드, 세계 무대로 진출 논란?"
567,567,문화,"문화 산업 경쟁 심화 속, 한국 대표적 문화 예술인들의 활약"
568,568,문화,해외 관광객 유치를 위한 한국 전통문화 활용 방안 모색
569,569,문화,사이버 공간에서의 문화 활동 확대 및 관리 시스템 구축 필요성 제기
570,570,문화,"지역 특산물과 예술 작품 융합, 새로운 창작 트렌드 선보임"
571,571,문화,영상 콘텐츠 제작 기술 발전에 따른 새로운 사회적 변화 분석
572,572,문화,문화예술 분야의 여성 인력 확대와 다양성 증진 노력
573,573,국제,"일본, 자위대 강화 논의 재개… 북한 위협에 대한 적극적 대응 필요성 부각"
574,574,국제,"남아프리카 공화국, 경제 성장 저하로 인해 사회 불안 고조"
575,575,국제,"인도, 우주 발사 기술 발전으로 국제 무대에서 주목받음"
576,576,국제,"캐나다, 미국의 북미 광범위 무역 협정에 참여… 경제적 이익 증진 목표"
577,577,국제,"프랑스, 대중 지지 하락으로 인한 정치적 불안 고조… 사회 분열 심화?"
578,578,국제,"독일, 기후 변화 대응을 위한 국가 비전 제시… 친환경 기술 투자 확대"
579,579,국제,"이탈리아, 극우 정당의 성장… 국제 사회는 어떻게 지켜볼까?"
580,580,국제,"스웨덴, 인권 및 평등주의 선언… 세계적인 영향력 발휘"
581,581,국제,수에즈 운하 차단 사태 재현 우려… 국제 물류 체계 위협
582,582,국제,"인도네시아, 해양 자원 개발과 생태 보존 사이에서 균형 추구"
583,583,스포츠,"김민재, 프리미어리그 신화 '맨체스터 유나이티드' 이적 성공!"
584,584,스포츠,"손흥민, 토트넘 득점왕 타이틀에 도전 중! 최고 활약 기대."
585,585,스포츠,"K리그1 치열한 경쟁! FC서울, 상위권 자리를 향해 나아감."
586,586,스포츠,"대한민국 축구 국가대표팀, 북미 대륙 2연패 꿈꾼다."
587,587,스포츠,"박찬호, 프로농구 리더십 발휘! 안양 KGC 인상적인 성적 남긴다."
588,588,스포츠,"올림픽 스포츠 챔피언, 한국 선수들 대만 승리에 감탄."
589,589,스포츠,"e스포츠 르네상스! 한국팀, 글로벌 대회 우승 갈망."
590,590,스포츠,"MLB 신규 프로주자 활약, 기대감 고조!"
591,591,스포츠,NBA 시즌 시작 전 예상되는 주요 경기 및 선수들의 변화
592,592,스포츠,여름올림픽 개최지 선정 발표! 세계적인 관심 집중.
593,593,과학/기술,"인공지능, 작곡가로서의 재능 뽐내다: 새로운 AI 음악 시대 열망"
594,594,과학/기술,우주 비행 추진력 증폭: 로켓 엔진 최신 기술 혁신 발표
595,595,과학/기술,자동차 안전성 한 단계 높여: 차량 인지 기술 기반 예측 사고 방지 시스템 개발 성공
596,596,과학/기술,암 치료 성과 돌파: 개인 맞춤형 유전자 분석을 통한 새로운 항암제 발굴
597,597,과학/기술,3D 프린팅으로 건물 건설 가능: 지능형 재료 활용 기술 선도
598,598,과학/기술,태양 에너지 효율성 극대화: 혁신적인 태양광 전지 개발로 에너지 문제 해결 가능?
599,599,과학/기술,음성 인식 기술 발전: 자연어 처리 뛰어난 AI 가상 비서 출시
600,600,과학/기술,"블록체인 기술 활용 확장: 금융, 의료 분야에서 안전하고 투명한 거래 시스템 구축"
601,601,과학/기술,빅데이터 분석으로 도시 미래 예측: 스마트 시티 구현을 위한 데이터 기반 정책 수립
602,602,과학/기술,"VR/AR 기술의 진화: 가상현실과 증강현실 결합, 새로운 혁신 가능성 제시"
603,603,과학/기술,인간의 인지 기능 모방: 신경 네트워크 기반 AI 학습 모델 개발 성공
604,604,과학/기술,나노기술 활용 의료 분야 변화: 정밀 의료 치료를 위한 나노 입자 응용
605,605,과학/기술,로봇 자동화 기술 발전: 산업 현장의 생산성 향상 및 노동 환경 개선
606,606,과학/기술,유전체 연구 가속화: 질병 예방 및 맞춤형 치료 가능성 높아짐
607,607,과학/기술,비행 자동차 시대 도래? 드론 기술 선도 국가 경쟁 심화
608,608,과학/기술,우주 관측 기술 발전: 행성의 비밀 밝혀내는 우주선 최첨단 기술 공개
609,609,과학/기술,사이버 보안 강화 필요성 증대: 인공지능 악용 위협에 대응하는 방어 시스템 구축
610,610,과학/기술,"클라우드 컴퓨팅 확산: 데이터 저장 및 처리 효율성 향상, 디지털 전환 가속화"
611,611,과학/기술,"새로운 소재 개발: 초강도 합금으로 건설, 항공 분야 변혁 예상"
612,612,과학/기술,전기 자동차 배터리 기술 발전: 빠른 충전 속도와 높은 용량 확보
613,613,과학/기술,지능형 센서 기술 활용: 스마트 도시 구축 및 환경 모니터링 강화
614,614,과학/기술,"바이오 인공 기관 개발: 장기간 생체 기능 유지 가능한 인공 관절, 심장 등 연구 진행"
615,615,과학/기술,3D 바이오 프린팅 기술 발전: 질병 모델 제작 및 신약 개발 속도 향상
616,616,과학/기술,수소 에너지 활용 확대: 친환경적이고 지속 가능한 에너지원으로 주목받음
617,617,과학/기술,디지털 의료 기록 시스템 구축: 환자 정보 관리 효율성 증대 및 의료 서비스 질 향상
618,618,과학/기술,AI 기반 교육 플랫폼 개발: 맞춤형 학습 지원 및 교육 효과 극대화
619,619,과학/기술,인공감정 기술 발전: 가상 인간과의 상호 작용 새로운 가능성 제시
620,620,과학/기술,"관광 산업 디지털 전환: 증강현실, 바이오 메커니즘 활용 맞춤형 경험 제공"
621,621,과학/기술,스마트 농업 기술 도입: 데이터 기반 작물 관리 및 생산성 향상
622,622,과학/기술,기후 변화 대응 기술 개발: 재생 에너지 확대 및 환경 보호 연구 활발히 진행
623,623,과학/기술,항공 자율 주행 기술 발전: 안전하고 효율적인 항공 운송 시스템 구축 가능성 높아짐
624,624,과학/기술,메타버스 기술 발전: 가상 세계 속 새로운 경제 모델과 소셜 인터랙션 형성
625,625,과학/기술,인공지능 윤리 문제 논의 활발히 진행되고 있음.
626,626,과학/기술,다차원 데이터 분석 기술 개발로 새로운 지식 창출 가능하게 됨.
627,627,과학/기술,"소형 스마트 기기 시장 성장: 스마트폰, 태블릿 등 휴대용 디지털 기기를 통한 접근성 향상."
628,628,과학/기술,전자파 복잡성 해결을 위한 기술 연구 활발히 진행 중.
629,629,과학/기술,인공 뇌 인터페이스 개발로 인간의 사고를 직접 컴퓨터에 전송하는 가능성 제시.
630,630,과학/기술,생체 모방 로봇 개발로 새로운 분야에서 적용되는 경향 나타남.
631,631,과학/기술,AI 기반 의료진 보조 시스템 개발로 의료 진단 및 치료 정확도 향상 예상.
632,632,과학/기술,사이버 공간 안전성 강화를 위한 국제 협력 증가.
633,633,정치,"총리 후보 경선, '경제 성장' vs '사회 안전망' 대립 심화"
634,634,정치,"野당, 최근 국정농단 발로 '내부 파벌 갈등' 우려"
635,635,정치,"대표 지도자, '개헌 논의 재개' 주장으로 정치 무대 선점"
636,636,정치,지방선거 앞두고 지역 중심 정책 공약 치열 대결
637,637,정치,"새로운 정당 출범, 양당 체제 교란 가능성 제기"
638,638,정치,"국회, '핵무기 개발' 관련 논의 격화"
639,639,정치,"연합 정부 파괴 위협, 국정안정에 대한 불확실성 증가"
640,640,정치,"최근 외교 갈등 심화, 정치권 '비상 대책' 논의 시작"
641,641,정치,"민주주의 시스템 변화 추진, 사회적 합의 필요성 강조"
642,642,정치,"온라인 의견 수렴 활성화, 국민 참여 확대 위한 정책 제안"
643,643,정치,투명하고 효율적인 정치 체계 구축을 위한 노력
644,644,정치,"정부, '지역 발전' 전략 추진으로 경제 성장 촉진 계획"
645,645,정치,시민들의 정치 참여 증가로 사회 변화 기대
646,646,정치,이념 대립 심화 속에서 '공존과 소통' 중요성 부각
647,647,정치,"정치 리더의 윤리 의식 강조, 공정한 사회 건설 위한 노력"
648,648,정치,"전국적인 정책 홍보 캠페인, 국민들의 이해 증진 목표"
649,649,정치,"대학생들의 정치적 관심도 높아짐, 미래 지향적 정치 리더십 필요성 부각"
650,650,정치,기술 발달에 따른 정치 환경 변화 대비 노력
651,651,정치,"국제 사회와의 협력 강화, 전반적인 국익 증진을 위한 방안 모색"
652,652,정치,지속 가능한 개발과 환경 보호를 위한 정책 추진
653,653,정치,"사회적 약자 지원 확대, 공정하고 포용적인 사회 구축 노력"
654,654,정치,"교육 Reform, 인재 양성 및 미래 경쟁 우위 확보"
655,655,정치,"고령화 사회 대비 방안 마련, 국민들의 안전과 행복 증진"
656,656,정치,건강 보험 재정 문제 해결을 위한 정책적 노력
657,657,정치,"농업 분야의 기술 개발 및 지원 강화, 농촌 발전 촉진"
658,658,정치,문화 예술 활성화를 통한 사회적 통합과 화합 도모
659,659,정치,"스포츠 산업 발전을 위한 정책 추진, 국제적인 경쟁력 확보"
660,660,정치,"지역 특산품 개발 및 홍보 강화, 지역 경제 활성화"
661,661,정치,"투자 유치 활동 강화, 국가 경제 성장 동력 마련"
662,662,정치,기술 혁신을 통한 미래 산업 생태계 구축
663,663,정치,"국가 부채 관리 정책 개선, 지속 가능한 경제 발전 도모"
664,664,정치,불평등 해소를 위한 사회적 안전망 강화
665,665,정치,"사회 복지 시스템 개선, 국민들의 삶의 질 향상"
666,666,정치,교육 기회 확대 및 취업 지원 체계 구축
667,667,정치,인권 보호와 평등 증진을 위한 정책 추진
668,668,정치,"소비자 권익 보호 강화, 공정한 시장 경쟁 환경 조성"
669,669,정치,정보통신 기술 발전에 따른 법률 및 윤리적 문제 해결
670,670,정치,"국민 건강 보호 강화, 질병 예방 및 관리 체계 개선"
671,671,정치,"친환경 기술 개발 및 활용 확대, 지속 가능한 사회 구축"
672,672,정치,"기후 변화 대응 정책 추진, 국제적 협력 증진"
673,673,정치,"국가 안보 강화를 위한 방안 모색, 주변 환경 변화에 대비"
674,674,정치,"군사 기술 개발 및Modernization, 국가 기동력 강화"
675,675,경제,"올해 한국 경제 성장률, 전망 아래로 재조정"
676,676,경제,"美 연준, 금리 인상 잠재적 속도 완화 시사"
677,677,경제,국내 소비자 물가 상승에 대한 불안감 증가
678,678,경제,"IMF, 글로벌 경제 성장 전망 하향 조정"
679,679,경제,"한중 무역, 지난해 대비 감소 추세"
680,680,경제,"주식 시장, 코로나 여파 이어 침체 지속?"
681,681,경제,"석유 가격, 국제 정세 악화에 따라 상승 추세"
682,682,경제,"국내 IT 산업, 인공지능 투자 확대 속도"
683,683,경제,"기술 개발 경쟁 심화, 한국 기업 '발전'과 '위협'"
684,684,경제,"조선 해양, 해외 시장 진출 확대 계획 발표"
685,685,경제,"한국 핀테크 산업, 글로벌 시장에서 활약"
686,686,경제,"금융 부문, 디지털 전환 가속화 추세"
687,687,경제,"내수 소비 위축, 한국 경제 성장 지속가능성 의문"
688,688,경제,"전 세계 대공황 우려 속, 투자 심리 냉혹해짐"
689,689,경제,"글로벌 자본 이동, 한국 경제에 영향?"
690,690,경제,"한국 불평등 심화, 사회적 논란 계기"
691,691,경제,"고용 시장 불안정, 청년 실업률 지속 증가"
692,692,경제,"농업 부문, 기후 변화 대비 필요성 증대"
693,693,경제,"K-콘텐츠, 글로벌 시장에서 주목받음"
694,694,경제,"국내 관광산업, 팬데믹 이후 회복 속도는?"
695,695,경제,"에너지 비용 상승, 경제 활동에 부담 야기"
696,696,경제,녹색 기술 개발 중요성 강조
697,697,경제,"인테리어 시장, 디지털 전환으로 변화"
698,698,경제,"헬스케어 산업, 혁신 기술 투자 증가"
699,699,경제,"미래 도시 건설 추진, 지속 가능한 발전 필요성"
700,700,경제,"교육 부문, 디지털 교육 접근성 확대 노력"
701,701,경제,"사이버 보안 위협 심각, 개인정보 보호 중요해짐"
702,702,경제,"스마트폰 소비 증가, 한국 경제 성장에 기여?"
703,703,경제,"자동화 기술 발전, 일자리 변화 추세"
704,704,경제,"블록체인 기술 적용 확대, 새로운 산업 탄생?"
705,705,경제,"메타버스 시장 성장, 투자 유치 활발"
706,706,경제,"비행기 운영 비용 상승, 항공권 가격 인상 우려"
707,707,경제,"지속 가능한 개발 목표 달성, 글로벌 협력 필요"
708,708,경제,다국적 기업 한국 진출 현황 분석
709,709,경제,"소셜 미디어의 영향력 확대, 사회 변화 주도?"
710,710,경제,"인공지능 기술 발전, 윤리 논쟁 재점화"
711,711,경제,"글로벌 시장 경쟁 심화, 한국 기업 위협 및 기회"
712,712,경제,"제조업 자동화 추세, 노동자의 역할 변화"
713,713,경제,재정 부문 통합 관리 필요성 증대
714,714,경제,국내 여성 고용률 개선 위한 정책 논의 활발
715,715,경제,"사회적 책임 강조, 기업 사회 참여 확대"
716,716,경제,"지역경제 활성화 노력, 지역 특색 상품 개발"
717,717,경제,"디지털 균열 해소, 온라인 교육 접근성 향상"
718,718,경제,"기후 변화 대응 노력, 국제 사회적 동참 필요"
719,719,경제,"전 세계 디지털 금융 시장 확대, 한국의 역할은?"
720,720,문화,전국 대형 박물관들이 한꺼번에 무료 입장으로 관객 유치
721,721,문화,"K팝 스타, 미국 빌보드 차트 정복하며 '한류 열풍' 재점화"
722,722,문화,"신예 배우 주연 작품, 영화계 전문가들의 높은 평가 받아 화제"
723,723,문화,"고전 문학 작품의 현대적 해석, 새로운 비평 이론 제시 논란"
724,724,문화,"지난해 대표 축제, 관객 수 하락에 대한 우려 및 개선 방안 논의"
725,725,문화,"국내 독립영화 제작 활성화, 다양한 주제와 기법으로 시청자들의 흥미 유발"
726,726,문화,"전통 공예품, 국제 무대에서 인정받으며 한국 문화 위상 강화"
727,727,문화,"인공지능 기술 활용하여 창조적인 예술 작품 제작, 새로운 미래 예술의 가능성 제시"
728,728,문화,아름다운 가곡 부르는 여성 독창가의 솔직한 감성 공유하며 팬들 시원하게 달달하게 사로잡음
729,729,문화,"인기 웹툰으로 대세 조명된 일러스트레이터, 그림력과 스토리텔링에 대한 높은 평가"
730,730,문화,"국내 작가의 소설 번역본, 해외에서 뜨거운 관심을 받으며 글쓰기 트렌드 변화 선도"
731,731,문화,"한국의 전통 음악을 현대적으로 재해석한 음악 프로젝트, 신규 청중 확보 및 문화적 교류 활성화"
732,732,문화,"한국 영화의 아름다움을 담은 사진집 발매, 국제적인 관심과 찬사 받음"
733,733,문화,"국내 공연 예술가들의 해외 무대 진출, 한국 대표 예술자로서 세계를 향한 도약"
734,734,문화,추억에 남는 클래식 음악 콘서트 열려 화려한 연주와 감동적인 분위기 선사
735,735,문화,"전통놀이 체험 프로그램 활성화, 문화 유산 보존 및 전승 노력 강화"
736,736,문화,"국제적 협력을 통한 문화 교류 프로젝트 진행, 다양한 문화를 이해하고 소통하는 기회 제공"
737,737,문화,"한국 영화의 독창적인 세계관과 영상 미학에 대한 평가 논술 발표, 국내 영화 산업의 전망 제고"
738,738,문화,"전시회를 통해 한국 근현대 미술 사조 변천 과정을 살펴본 결과 발표, 미술계 연구자들의 관심 집중"
739,739,문화,"젊은 예술가들의 창작 활동을 지원하는 프로그램 운영, 새로운 문화 트렌드 형성에 기여"
740,740,문화,"한국 전통 문화를 바탕으로 한 디지털 콘텐츠 제작, 국내 콘텐츠 산업 경쟁력 강화"
741,741,문화,"비디오 게임 개발자들의 한국 전통 문화 적극 활용, 새로운 게임 플랫폼 확보 및 국제적 성공 기대감 높음"
742,742,문화,"한국 영화의 세계화에 나서는 배우들, 해외 팬층을 확장하며 글로벌 스타로서 인정받음"
743,743,문화,"국내 예술 작품, 국제 전시회에서 금상 수상하며 한국 문화 예술의 우수성을 알리는 기회 제공"
744,744,문화,전통 음악과 현대 음악의 새로운 시너지 효과를 창출하는 퓨전 음악 장르 인기를 얻음
745,745,문화,"인공지능 기술 활용하여 개인 맞춤형 문화 콘텐츠 제작, 새로운 소비 경험 제공 및 문화 산업 변화 주도"
746,746,문화,"문화예술분야의 디지털 전환 추진, 온라인 플랫폼을 통한 접근성 확대 및 범위 확장 노력"
747,747,문화,"한국 문화 콘텐츠 수출 증가 추세, 세계적 인기와 경제적 파급 효과 기대"
748,748,문화,"문화예술 분야의 지속 가능한 발전을 위한 사회적 합의 도출, 전문가들과의 토론 및 공동 활동 강화"
749,749,문화,"현대 예술 시장의 변화를 반영하는 새로운 전시회 개최, 미래 예술 트렌드 제시 및 관심 유발"
750,750,문화,"한국 독특한 문화적 가치를 담은 교육 프로그램 개발, 국내외 학생들의 이해 증진 및 공감 대비 강화"
751,751,문화,국제 영화제에서 한국 영화가 우수상 수상하며 한국의 영화 산업 활성화에 기여
752,752,문화,"문화예술 분야의 취약 계층 지원 확대, 사회 통합 및 문화적 평등을 위한 노력 증진"
753,753,문화,"젊은 세대의 참여를 유도하는 새로운 문화 행사 개최, 문화 콘텐츠 다변화 및 참여형 문화 경험 제공"
754,754,정치,"野党 '대통령 직무집행권' 사용 논란, 국회 양측 갈등 심화"
755,755,정치,"새로운 기후협약 발효 임박, 정부와 대비전략 점검"
756,756,정치,국내 경제 불황 속 지방자치단체 예산 난항 심화
757,757,정치,"국가정보원, 북한의 '미사일 시험 발사'에 대한 분석 보고서 제출"
758,758,정치,"민주당, 야당과 재정안 논쟁 치열… 소통 전략 다시 모색"
759,759,정치,"재벌 회계 감독 강화 위한 법 개정 추진, 정치적 논란 확산"
760,760,정치,"이명박 전 대통령, '검찰 수사'에 대한 입장 밝히며 시위 참여 의사 표명"
761,761,정치,"국제기구 보고서, 한국의 '인권 실태' 평가…"
762,762,정치,"대법원 판결, 정치 개혁 필요성 재강조하며 사회적 논란 유발"
763,763,정치,"정부, 외교관과의 회담에서 국제 공동체와 협력 방안 논의"
764,764,경제,"금리 인상 시장 불안감 고조, 투자 심층 분석 필요"
765,765,경제,"K-뷰티 브랜드 글로벌 진출 가속화, 경쟁 심화 예고"
766,766,경제,인공지능 기술 활용으로 떠오르는 새로운 산업 분야
767,767,경제,"코로나 이후 세계 경제 회복 속도 다양, 전문가들 의견 나누어"
768,768,경제,"실물 경제 부진 우려에 증시 주가 추락, 투자자 불안감 증폭"
769,769,경제,"녹색 기술 투자 확대, 환경 및 경제 발전 동력으로 주목"
770,770,경제,"중소기업 지원 정책 강화, 새로운 일자리 창출 기회 기대"
771,771,경제,디지털 전환 가속화에 따라 정보 güvenliği 중요성 증대
772,772,경제,"미국-중국 무역 갈등 지속, 세계 경제에 영향 까지 확산"
773,773,경제,"전 세계적인 인플레이션 심각, 국가별 대응 방안 다양하게 모색"
774,774,경제,"유럽 원자력 발전 재확대 논의, 에너지 안보 강화 추진"
775,775,경제,"메타버스 시장 성장 잠재력 높아, 투자 유치 경쟁 치열해"
776,776,경제,"블록체인 기술 활용 금융 서비스 변화, 새로운 시각 요구"
777,777,경제,"에너지 가격 변동성 심화, 기업 운영 어려움 악화"
778,778,경제,"스타트업 생태계 성장 둔화, 투자 환경 개선 필요성 대두"
779,779,경제,"글로벌 금융 시장 위험 요소 증가, 감시 및 관리 강화 필요"
780,780,경제,"새로운 정부 재정 개혁 방안 논의 시작, 경제 활성화 전략 모색"
781,781,경제,"국내 소비자 물가 인지도 상승, 지출 줄임 노력 본격화"
782,782,경제,"수출 기업 성장 동력 약화, 해외 시장 불확실성 증가"
783,783,경제,빅데이터 분석 기술 활용하여 경제 문제 해결 방안 모색
784,784,경제,"경제적 불평등 심각화 문제, 사회적 논의 필요성 대두"
785,785,경제,"ESG 투자 가치 확대, 기업 지속 가능한 성장 유도"
786,786,경제,"사회적 책임 경영 (CSR) 활동 중요성 증대, 기업 사회와의 연결 강화"
787,787,경제,"전 세계적인 디지털 격차 해소 노력, 경제 불평등 완화 대책 마련"
788,788,경제,새로운 기술 개발 및 투자 유치를 통한 미래 경제 선도
789,789,경제,"공유경제 활성화, 지속 가능한 성장 추진"
790,790,경제,인구 고령화 시대 맞춤형 사회 복지 정책 수립 필요
791,791,경제,인류에게 위협이 될 수 있는 인공지능 윤리적 문제 논의 증가
792,792,경제,미래 직업 변화에 대응한 교육 및 훈련 프로그램 개발 중요성
793,793,경제,클라우드 컴퓨팅 기술 발전으로 IT 업계 변화 가속화
794,794,경제,"5G 네트워크 확산, 새로운 기술과 서비스 창출 기회"
795,795,경제,스마트팩토리 구축에 따른 생산성 향상 및 자동화 추세
796,796,경제,로봇 공학 발전으로 인한 산업 변화와 사회적 영향 분석 필요
797,797,경제,현재 경제 상황을 고려하여 재정 정책 조율 중요성 강조
798,798,경제,지속 가능한 발전 목표 달성을 위한 국제 협력 강화
799,799,경제,글로벌 금융 시장 안정성 확보 위해 노력 지속
800,800,경제,"인터넷 사용과 관련된 데이터 보안 문제 심각, 개인 정보 보호 필요"
801,801,경제,"미래 기술 선도 국가 경쟁 심화, 투자 및 연구 개발 중요성 증대"
802,802,경제,기후 변화 대응을 위한 새로운 정책 수립 및 실행
803,803,경제,AI 기반 의료 서비스 발전으로 국민 건강 개선 가능성
804,804,경제,"인공지능 기술의 윤리적 문제점 논의 필요, 사회적 합의 도출 노력"
805,805,경제,데이터 분석 활용하여 경제 성장 동력 확보
806,806,경제,경제 불황 대비 시민들의 소비 패턴 변화 관찰
807,807,경제,기업 투자활동 감소에 대한 정부 지원 필요성 부각
808,808,경제,세계적인 인플레이션 문제 해결을 위한 국제적 협력 강화
809,809,경제,"글로벌 경제 불확실성 확산, 세계 금융 시장 안정 위협"
810,810,경제,"국내 벤처 기업 활동 감소, 정부 지원 필요성 증대"
811,811,경제,지속 가능한 기술 개발 및 투자를 통한 미래 경제 성장 기반 마련
812,812,경제,디지털 변화 속에서 새로운 일자리 창출 노력 강화
813,813,경제,"미래 사회 전망: 빅데이터, 인공지능과 디지털 트랜스포메이션"
814,814,경제,사회적 책임 경영 (CSR) 활동 확대를 통한 기업 이미지 제고
815,815,경제,"ESG 투자 성장세 지속, 지속 가능한 미래 경제 건설 중요성 강조"
816,816,경제,공유경제 발전으로 사회 경제 변화 추진
817,817,경제,인공지능 기술 활용으로 인한 일자리 창출 및 육성 필요
818,818,경제,"기후변화 대응 노력 확대, 지속가능한 성장 추구"
819,819,경제,세계적인 금융 불확실성에 대비하여 국내 경제 안정화 위한 정책 마련
820,820,경제,디지털 격차 해소를 통한 정보 접근성 향상 및 사회적 평등 증진
821,821,경제,인프라 투자 확대를 통한 경제 활성화 추진
822,822,경제,국내 기술력 강화를 위한 연구 개발 지원 확대 필요
823,823,경제,"미래 전망: 인공지능, 블록체인 등 새로운 기술이 주도하는 미래 사회"
824,824,경제,글로벌 시장 변화에 대응하여 국내 기업의 경쟁력 강화 노력
825,825,경제,사회적 책임을 실천하는 기업 생태계 조성
826,826,경제,국가 간 협력을 통한 세계 경제 문제 해결 위한 노력 강화
827,827,경제,미래 사회의 변화에 대비하여 교육 및 인력 양성 시스템 개선 필요
828,828,경제,지속 가능한 미래를 위해 새로운 기술과 정책 개발 노력 지속
829,829,경제,"사회적 책임 경영 (CSR) 활동 확대, 기업 이미지 제고 및 사회 참여 강화"
830,830,경제,"ESG 투자 유치 확대, 지속가능한 성장을 위한 자금 마련 지원"
831,831,경제,공유경제 발전으로 경쟁력 강화 및 새로운 비즈니스 모델 창출
832,832,경제,인공지능 기술 활용으로 효율성 향상 및 문제 해결 촉진
833,833,경제,"디지털 전환 시대, 기업의 디지털 역량 강화 필수"
834,834,경제,미래 사회의 변화에 대응한 교육과정 개선 및 새로운 학습 모델 도입 필요
835,835,경제,"인력 양성 프로그램 확대, 미래 산업을 선도할 수 있는 인재 육성"
836,836,경제,지속 가능한 발전 목표 달성을 위한 국제적 협력 강화
837,837,경제,새로운 기술 개발 및 투자 유치를 통한 경쟁력 강화
838,838,경제,사회 변화에 맞춰 사회 복지 정책 개선 및 지원 강화
839,839,경제,"디지털 변화 시대, 정보 보호 및 데이터 안전 확보 노력"
840,840,경제,미래 사회의 중요한 문제점을 해결하기 위한 혁신적인 기술 개발 필요
841,841,경제,국내 기업의 글로벌 경쟁력 강화를 위한 정책 지원 확대
842,842,경제,"사회적 책임 경영 (CSR) 활동 강화, 지속가능한 발전 위한 노력"
843,843,경제,"ESG 투자 유치 확대, 환경 보호 및 사회 문제 해결에 기여"
844,844,경제,공유경제 활성화를 통한 경제 활성화 및 새로운 비즈니스 모델 창출
845,845,경제,인공지능 기술 활용으로 사회 발전 촉진 및 인간 삶의 질 향상
846,846,경제,미래 사회의 변화에 대비하여 교육 시스템 개선 및 새로운 학습 방식 도입
847,847,경제,"지속 가능한 미래를 위한 노력, 지금부터 시작해야 함"
848,848,사회,"자원봉사 참여율 증가, 지역 사회의 공동체 정신 부흥 기대"
849,849,사회,사회적 약자 지원 강화 위한 정부 예산 확대 논의
850,850,사회,"다양성 존중 교육 필수화, 차별 없는 사회 구축 나아감"
851,851,사회,"인플레이션 심화 속 생활비 부담 증가, 소득 불평등 해소를 요구하는 목소리 높아짐"
852,852,사회,"국민들의 공공서비스 만족도 하락, 정부 개혁 필요성 대두"
853,853,사회,"지역 사회 활성화 위한 시민 참여 확대, 새로운 모형 개발"
854,854,사회,"사회적 담론 강화, 온라인 사이트에서 지역 주제 토론 활발"
855,855,사회,"청소년 심리 건강 악화 우려, 전문가들의 지속적인 관심 필요"
856,856,사회,"일자리 창출 정책 효과 미흡, 실업 문제 해결 위한 새로운 방안 모색"
857,857,사회,취약계층 지원 확대 및 사회적 안전망 강화 추진
858,858,사회,"사회 이동성 저하 심각, 교육 기회 불균형 해소 위한 노력 필요"
859,859,사회,"미디어의 책임성 강조, 사회적 갈등 완화에 기여해야 함"
860,860,사회,"국가 예산 편성 과정에 시민 참여 확대, 투명하고 공정한 재원 배분 추구"
861,861,사회,"사회적 약자를 위한 정책 지원 강화, 포용적인 사회 구축"
862,862,사회,지역 문화 향상을 위한 예술 및 교육 프로그램 확대
863,863,사회,"인식 개선 캠페인 진행, 사회적 편견 해소"
864,864,사회,사회 복지를 증진하기 위한 국제 협력 필요성 강조
865,865,사회,"온라인 공간에서 악의적인 언행 방지, 사회적 분위기 개선 노력"
866,866,사회,"자원봉사 활동 참여 인센티브 제공, 지역 사회 기반 다지기"
867,867,사회,"소수민족 권리 보호 강화, 차별 없는 사회 조성"
868,868,사회,사회 복지를 위한 민간 기업의 적극적인 참여 유도
869,869,사회,"정보 접근성 증대, 사회적 불평등 해소에 기여"
870,870,사회,"지역 사회 문제 해결을 위한 시민 참여 독려,"
926,926,과학/기술,"인공지능, 미래의 의료진으로서 새로운 가능성 열다"
927,927,과학/기술,"빅데이터 분석 기술 활용, 개인 맞춤형 교육 시스템 구축"
928,928,과학/기술,3D 프린팅 기술 발전으로 생체 기관 제작 가능
929,929,과학/기술,"우주 탐사, 인간의 지식을 넓히고 우주 역사 재정립"
930,930,과학/기술,5G 통신망 확대로 차세대 IoT 시대 도래 예상
931,931,과학/기술,"양자컴퓨팅 기술, 복잡 계산에 혁명 가져올 전망"
932,932,과학/기술,"스마트폰 카메라 성능 향상, 새로운 영상 콘텐츠 창출 가능성 증가"
933,933,과학/기술,"블록체인 기술 적용, 정보 보안 및 투명성 강화"
934,934,과학/기술,로봇 자동화 기술 발전으로 산업 효율성 증대
935,935,과학/기술,"실시간 번역 기술, 글로벌 소통 장벽 해소에 기여"
936,936,과학/기술,"나노기술 활용, 의료 분야에서 치료 효과 극대화"
937,937,과학/기술,"생명공학 연구, 질병 치료 및 노령 인구 증가 문제 해결 위한 전망"
938,938,과학/기술,"재생 에너지 기술 발전, 기후 변화 대응 위한 새로운 해법 제시"
939,939,과학/기술,음성인식 기술 발전으로 자연어 처리 시스템 발전 가속화
940,940,과학/기술,"VR/AR 기술 활용, 교육 및 엔터테인먼트 분야 혁신 도모"
941,941,과학/기술,"드론 기술 활용, 항공 사진 촬영 및 물류 효율성 향상"
942,942,과학/기술,"사이버보안 기술 강화 필요성 증대, 해킹 사건 예방 위한 노력 지속"
943,943,과학/기술,"인터넷 오브 싱스(IoTs) 시장 성장, 스마트 홈 및 도시 개발 추세"
944,944,과학/기술,"기술 발전으로 인한 새로운 일자리 창출, 사회 변화에 대한 대비 필요성 증대"
945,945,과학/기술,"미래 기술 트렌드 분석, 투자 및 연구 방향 설정"
946,946,과학/기술,"지능형 자동차 기술, 교통 안전 및 효율성 향상 기여"
947,947,과학/기술,3D 프린팅 기술 활용으로 개인 맞춤형 제품 생산 가능성 증가
948,948,과학/기술,빅데이터 분석을 통한 사회 문제 해결 방안 모색
949,949,과학/기술,"생체 내부 정보 감지 기술, 질병 진단 및 치료 효과 극대화"
950,950,과학/기술,광범위한 데이터 수집 및 분석으로 인공지능 학습 능력 향상
951,951,과학/기술,컴퓨터 시스템의 속도 및 성능 향상을 위한 연구 활발
952,952,과학/기술,"유전자 편집 기술, 질병 치료 및 유전적 질환 예방 가능성 제시"
953,953,과학/기술,실시간 데이터 처리 기술 발전으로 스마트 시스템 구축 가속화
954,954,과학/기술,"AI 기반 의료 진단 시스템 도입, 의료 서비스 효율성 증대"
955,955,과학/기술,기후 변화 대응을 위한 지속 가능한 에너지 기술 연구 활발히 추진
956,956,과학/기술,사이버 공간에서 발생하는 위협 해결을 위한 보안 시스템 개발 필요성 증대
957,957,과학/기술,"자동차 산업의 혁신, 스마트 자동차 및 자율 주행 시스템 개발"
958,958,과학/기술,"로봇 기술 발전으로 인한 고용 변화, 새로운 일자리 창출 전망"
959,959,과학/기술,"첨단 소재 연구 활발히 진행, 다양한 분야에 적용 가능성 높음"
960,960,과학/기술,"기술 및 사회적 변화, 윤리적 문제 발생 및 해결 방안 모색 필요성 증대"
961,961,과학/기술,"디지털 인플루언서의 등장, 새로운 마케팅 전략 수립 및 기업 시장 진출 분석"
962,962,과학/기술,인공지능 시스템의 윤리적 책임과 투명성 확보 중요성 강조
963,963,과학/기술,"사이버 공간에서 발생하는 범죄 예방 및 대응 방안 모색, 사이버 보안 정책 강화 필요성 증대"
964,964,과학/기술,"장애인을 위한 접근성 있는 기술 개발, 인식 개선 및 사회적 통합 도모"
965,965,과학/기술,"기술 발전으로 인한 교육 시스템 변화, 미래 전문가 양성 방향 모색"
966,966,과학/기술,"미래 도시 모델 구축 연구, 스마트시티 개발 및 지속 가능한 발전 추진"
967,967,과학/기술,"개인정보 보호 및 데이터 프라이버시, 기술 발전과 함께 중요해지는 문제점 분석"
968,968,과학/기술,"지능형 시스템의 인간 중심적 설계 필요성 강조, 인공지능 윤리 논의 활발히 진행"
969,969,과학/기술,"새로운 기술 도입으로 인한 기업 경쟁 환경 변화, 적응력 강화 및 혁신 필요성 증대"
970,970,과학/기술,"기술 발전에 따른 사회적 책임 강조, 인간 중심적인 가치관 유지 중요성"
971,971,과학/기술,"우주 개발 활성화로 인한 새로운 과학적 발견 기대, 우주 탐사 및 기술 발전 추진"
972,972,과학/기술,"미래 에너지 소스 개발 연구, 지속 가능한 성장을 위한 전략 수립"
973,973,과학/기술,"인공지능 기술의 사회적 영향력 분석, 미래 사회 변화에 대한 예측 및 대비 방안 모색"
974,974,과학/기술,"생명과학 분야에서 혁신적인 발견 도모, 질병 치료 및 인류 건강 증진 위한 노력 지속"
975,975,과학/기술,"기술 발전으로 인한 환경 문제 해결 가능성 제시, 지속 가능한 발전을 위한 전략 수립"
976,976,과학/기술,"미래 기술 트렌드 분석을 통한 투자 방향 설정, 새로운 기회 창출 및 경제 활성화 추진"
977,977,스포츠,"김유신 선수, 역대급 활약으로 K리그 신화 기록!"
978,978,스포츠,"전성기 다시 찾은 슈퍼스타! 이병훈 선수, 놀라운 시즌 연장 선언!"
979,979,스포츠,"한국 리그 최초의 NBA 드래프트? 이소현 선수, 거대 가능성 발휘."
980,980,스포츠,"세계 무대를 향한 열정! 한국 축구 대표팀, 국제 대회 본선 진출 목표 설정."
981,981,스포츠,"올림픽 금메달 후보! 최고의 자전거 레이서 김민주 선수, 눈부신 실력 과시."
982,982,스포츠,"아슬아슬 승리! 프로게임 슈퍼스타 이재현 선수, 역경 속에서 위대한 리더십 보여줍니다."
983,983,스포츠,"KBL 새 전설을 만들다! 신예 선수 한성훈, 불타오르는 실력으로 팬들 사로잡습니다."
984,984,스포츠,"레전드와 함께하는 마지막 경기! 은퇴 선언한 박재호 선수, 감동적인 아웃사이드 샷."
985,985,스포츠,한국 프로야구 새로운 열풍! 강력한 타격력을 가진 정용준 선수 주도하여 팀 최고의 성과 기록!
986,986,스포츠,"개인전 우승부터 월드컵 우승까지! 한국 스피드스케이팅 선수 황지우, 꿈에 그리던 결정적 순간."
987,987,스포츠,"국제 대회에서 금빛 찬란함! 한국 여자 배구팀, 세계 최고를 향해 도전합니다."
988,988,스포츠,"아마추어 체육대회의 새로운 영웅! 숨겨진 실력을 드러낸 장민수 선수, 놀라운 기록 작성."
989,989,스포츠,"한국 스포츠 스타의 위대한 업적! 국제적인 인정받은 선수 최원준, 엄청난 진보를 보여줍니다."
990,990,스포츠,전문가들의 분석에 따르면? 앞으로 대두될 한국 스포츠 트렌드는?
991,991,스포츠,"최강의 경쟁을 예고하는 뜨거운 승부! 국내 주요 스포츠 리그, 열띤 경기를 선보입니다."
992,992,스포츠,한국의 올림픽 기대주? 장애물을 이겨낸 선수들의 이야기.
993,993,스포츠,"스포츠 분야에서 새롭게 등장하는 기술, 미래를 향한 새로운 가능성은 무엇일까?"
994,994,스포츠,스타 선수의 숨겨진 재능! 예상치 못한 분야에서도 활약하는 스포츠 인플루언서.
995,995,스포츠,"팬들의 열정이 만든 경기! 한국 스포츠 시장, 팬 참여 확대 추세."
996,996,스포츠,"스포츠와 건강의 관계, 움직이는 생활 방식의 새로운 변화."
997,997,스포츠,"인공지능을 활용한 스포츠 분석, 최고의 전략 수립을 위한 새로운 도구로"
998,998,스포츠,새로운 팬 문화를 선도하는 한국 스포츠! 온라인 플랫폼에서의 활발한 소통과 공유.
999,999,스포츠,"스포츠 기업의 혁신적인 시스템, 경쟁력 강화와 미래 성장을 위한 전략적 접근."
1000,1000,스포츠,지속 가능한 스포츠 발전을 위한 노력! 환경 보호와 사회 책임을 통합하는 한국 스포츠.
1001,1001,국제,"미중 갈등 심화, 전 세계 경제 불안감 고조"
1002,1002,국제,"北핵실험 논란, 국제 사회 비판 강화"
1003,1003,국제,EU-UK 무역 협정 재점검 논쟁 이어져
1004,1004,국제,"러시아-우크라이나 전쟁 지속, 인도주의 위기 심각"
1005,1005,국제,"아프리카 기후 변화 피해 확대, 구호 지원 요청 증가"
1006,1006,국제,UN총회에서 시리아 내전 해결 노력 진행
1007,1007,국제,"OPEC+ 에너지 생산량 조정, 글로벌 에너지 가격 영향 관찰"
1008,1008,국제,인도-방글라데시 경계 지역 충돌 상황 심각화
1009,1009,국제,영국 인플레이션 감소에도 경기 침체 우려 지속
1010,1010,국제,"중국 위성 발사 성공, 항우주 시대 도약에 기여?"
1011,1011,국제,아시아 국가들 사이 파트너십 강화 추세
1012,1012,국제,WTO 무역규칙 논쟁 속 미국-유럽 경제 대립 심화
1013,1013,국제,"글로벌 기술 경쟁 심화, AI 개발 우위 다투는 나라들"
1014,1014,국제,이스라엘-팔레스타인 갈등 재점화 우려 증대
1015,1015,국제,"중동 지방 내전 지속, 지역 안보 위협 전개"
1016,1016,국제,"세계 금리 인상 시추열 계속, 글로벌 경제 불확실성 확산"
1017,1017,국제,WHO 감염병 예방 대책 강화 추진
1018,1018,국제,국제적 기후 변화 협약 준수 요구 재강조
1019,1019,국제,UN 평화 유지군 활동 지역 사태 악화
1020,1020,국제,"중앙아시아 국가들 인프라 투자 확대, 경제 발전 가속화 추세"
1021,1021,국제,"남미 지역 정치적 불안정 심화, 사회적 혼란 우려"
1022,1022,국제,캐나다-멕시코 무역 관계 개선 위한 노력
1023,1023,국제,"유엔 자원봉사단 활동 확대, 세계 개발 지원 강화"
1024,1024,국제,국제기구의 코로나19 대응 계획 최종 점검
1025,1025,국제,세계 언론 기자들의 국제 평화 활동에 관심 증가
1026,1026,국제,글로벌 공공보건 시스템 구축 노력 진행
1027,1027,국제,국제 인권 보호 위한 조약 재검토 논의
1028,1028,국제,여성 국제 정치 참여 확대 추세
1029,1029,국제,국제 협력을 통한 교육 개선 활동 전개
1030,1030,국제,지구 온난화 대비 국제 사회 공동 노력 필요
1031,1031,국제,무기 전쟁 방지를 위한 국제적 움직임 강화
1032,1032,국제,새로운 기술 분야 국제 표준 설정 논의
1033,1033,국제,글로벌 경제 불황 속 국가 간 상호 의존성 증가
1034,1034,국제,국제 법률 시스템 개선을 위한 노력
1035,1035,국제,영토 분쟁 해결을 위한 국제 소송 절차 활용 증가
1036,1036,국제,세계 사회의 다양성 존중과 인종 차별 방지 노력 강화
1037,1037,국제,국제 협력으로 글로벌 공동 과제 해결 추진
1038,1038,문화,"국립현대미술관, 신규 전시 '추억의 풍경' 오픈"
1039,1039,문화,"K팝 아이돌, 뮤지컬 무대에 첫 도전"
1040,1040,문화,개봉 1주일 만에 200만 관객 돌파! '이번 주말은...' 국내 영화계 흥행 기록
1041,1041,문화,"한국 전통 음악, 세계적인 평가 받으며 해외로 진출"
1042,1042,문화,"아카데미상 후보 발표, 한국 감독 작품 눈에 띄는 경쟁"
1043,1043,문화,젊은 예술가들의 창의성 물씬 풍기는 '비엔날레' 개막식 열려
1044,1044,문화,"'고향을 그리는 노래', 전국 청년들의 감성 공유"
1045,1045,문화,"전시회 관람객 증가, 문화 시장 활력 되돌아오나?"
1046,1046,문화,"한국 드라마, 세계적인 인기 '한류' 선도"
1047,1047,문화,"독립 영화제, 독특하고 혁신적인 작품 발굴"
1048,1048,문화,새로운 공간에서 예술과 문학 만나다
1049,1049,문화,"인공지능 시대, 예술의 미래 어떻게 변화할까?"
1050,1050,문화,"역사적 건축물 보존, 문화 유산을 위한 노력"
1051,1051,문화,"문화 콘텐츠 경쟁 심화, 새로운 트렌드 찾아야 할 지점"
1052,1052,문화,"전통 공예품, 현대 디자인과의 조합으로 혁신적인 변화"
1053,1053,문화,"문화 예술 교육, 아이들의 창의성 키우는 중요한 요소"
1054,1054,문화,"미디어 아트, 디지털 기술을 이용한 새로운 예술 경험 선사"
1055,1055,문화,"'한국 문화'를 알리는 전 세계 도시, 다양한 프로젝트 진행"
1056,1056,문화,문화재 보호 및 관리에 대한 사회적 관심 증대
1057,1057,문화,"공연 예매 시스템, 혁신으로 이용자 만족도 높여나가"
1058,1058,문화,"온라인 문화 플랫폼, 콘텐츠 접근성 확대"
1059,1059,문화,"국제적인 문화 교류 프로그램, 다양한 소통 기회 제공"
1060,1060,문화,"문화 인력 양성, 미래 사회의 중요한 전략"
1061,1061,문화,전통과 현대가 공존하는 새로운 한국 문화 형성
1062,1062,문화,소외 계층에게는 문화 콘텐츠 지원 확대
1063,1063,문화,국제적 경쟁 속에서 한국 문화의 매력 어떻게 부각할까?
1064,1064,문화,"문화 정책, 시민 참여를 통한 더 나은 방향 모색"
1065,1065,문화,"지역 특성을 살린 문화 활성화, 지역 경제 활성화에 기여"
1066,1066,문화,"문화 산업 발전, 국가 경쟁력 강화에 필수 요소"
1067,1067,문화,"디지털 기술과 문화의 융합, 새로운 가능성 열어나가"
1068,1068,문화,"문화 콘텐츠 생산, 창조적인 활동 장려 및 지원"
1069,1069,문화,사회적 책임을 지는 문화 산업 발전 방향 모색
1070,1070,문화,"소통이라는 큰 나무 아래, 문화 공동체 형성"
1071,1071,문화,"문화 향유, 모든 국민의 권리로 보장되어야 함"
1072,1072,문화,"예술과 과학의 경계 허물고, 새로운 창조 시스템 구축"
1073,1073,문화,"인류 중심의 문화, 지속가능한 발전을 위한 열쇠"
1074,1074,사회,"지역 주민들, 공원 조성 사업에 적극 참여하며 지역 활력 되찾기"
1075,1075,사회,"새로운 청년 일자리 창출을 위한 정부, 맞춤형 지원 프로그램 출시"
1076,1076,사회,"교육 기회 불평등 해소를 위한 노력, 교육 부문 투자 확대"
1077,1077,사회,"인공지능 기술 활용, 사회 복지 서비스 개선 및 효율성 증대"
1078,1078,사회,"사회적 약자 위한 지원 강화, 사회 포용성 확대 추진"
1079,1079,사회,"빈곤 문제 해결을 위한 정부, 다각적인 정책 추진 및 사회 참여 독려"
1080,1080,사회,"인종차별 해소 노력, 사회 통합과 평등 실현을 향한 발걸음"
1081,1081,사회,"지역 주민 자율성 강화, 공동체 의식 함양을 위한 시민 참여 확대"
1082,1082,사회,"미래 사회 변화에 대비, 교육 및 훈련 프로그램 개선"
1083,1083,사회,"사회적 책임 경영, 기업의 지속 가능한 성장과 사회 발전 연계"
1084,1084,사회,"환경 보호 노력, 지속 가능한 사회 구축 위한 필수 요소로 부상"
1085,1085,사회,"미디어 윤리 강화, 건설적인 사회 분위기 조성"
1086,1086,사회,"사회적 소통 확대, 다양성 존중 및 이해 증진"
1087,1087,사회,"전염병 대비 시스템 강화, 국민 안전과 생명 보호 최우선"
1088,1088,사회,"재난 복구 지원 체계 구축, 사회 회복 속도 향상 노력"
1089,1089,사회,"사회적 약자 보호 강화, 차별 및 폭력 예방 노력"
1090,1090,사회,"국가 의료 서비스 개선, 국민 건강 증진을 위한 정책 추진"
1091,1091,사회,"노후 지원 체계 구축, 고령화 사회 대비"
1092,1092,사회,사회적 불안감 해소를 위한 정책 수립 및 실행
1093,1093,사회,"지역 경제 활성화, 지역 주민들의 삶의 질 향상 노력"
1094,1094,사회,"정치 개혁 추진, 국민 참여 확대 및 투명성 강화"
1095,1095,사회,"국가 간 협력 강화, 글로벌 문제 해결 및 평화 유지"
1096,1096,사회,"새로운 사회 기술 도입, 경제 성장 및 사회 발전 기반 마련"
1097,1097,사회,"디지털 불평등 해소 노력, 모든 국민에게 정보 접근권 보장"
1098,1098,사회,"사회 분위기 개선을 위한 정책 추진, 긍정적인 사회 문화 조성"
1099,1099,사회,"가족 가치 중요성 강조, 건강한 사회 구성 요소 확보"
1100,1100,사회,"사회적 기업 활성화, 지속 가능한 사회 발전 선도"
1101,1101,사회,"문화 예술 지원 확대, 창의성 증진 및 사회 윤리 함양"
1102,1102,사회,"지역 사회 자원 개발, 지역 경제 및 문화 활성화"
1103,1103,사회,"새로운 교육 개념 도입, 미래 사회 변화에 대응하는 인재 양성"
1104,1104,사회,"사회적 문제 해결을 위한 시민 참여 독려, 사회 발전 동력 확보"
1105,1105,사회,"인권 보호 확대, 모든 사람의 기본 권리 존중 및 보장"
1106,1106,사회,"다문화 사회 구성원 간 이해 증진, 사회 통합 강화 노력"
1107,1107,사회,"소비자 권익 보호 강화, 공정한 경제 시스템 구축"
1108,1108,사회,"환경 문제 해결을 위한 국제 협력 강화, 지속 가능한 미래 만들기"
1109,1109,경제,"국내 주택 가격, 전망치 하회하며 연속 하락세 지속"
1110,1110,경제,"달러 강세 속 외환 시장 불안 심화, 한국 원 위축"
1111,1111,경제,금리 인상 효과 나타나지 않아 경기 둔화 우려
1112,1112,경제,전 세계 공급망 장애 극복을 위한 국가별 노력 가속화
1113,1113,경제,"반도체 수출 감소 속 IT 산업, 구조적 변화 시급"
1114,1114,경제,"ESG 투자 활성화, 기업들의 지속가능한 경영 전략 필요성 높아짐"
1115,1115,경제,"디지털 환경 속 금융혁신 가속화, 새로운 사업 모델 등장"
1116,1116,경제,인공지능 기술 발전으로 인해 자동화로 인한 일자리 변화 논란
1117,1117,경제,글로벌 불확실성 증가에 대한 국제 기구 경고
1118,1118,경제,"국내 소비 트렌드 변화, 탄탄한 저축 문화 강조"
1119,1119,경제,"미국 연준 금리인상세, 글로벌 경제 악영향 우려"
1120,1120,경제,"중소기업 대출금리 인하 추진, 경기 활성화 위해 노력"
1121,1121,경제,"녹색 기술 투자 확대, 지속 가능한 발전 위한 전략적 접근 필요"
1122,1122,경제,"인프라 투자 확대, 경제 성장 동력 부여 효과 기대"
1123,1123,경제,"국내 고용 시장 회복, 채용 활성화 추세"
1124,1124,경제,"불안정한 글로벌 에너지 가격 추세 속, 국내 에너지 정책 재검토 필요"
1125,1125,경제,투자 비중 증가하며 경제 성장 동력 확대
1126,1126,경제,"국내 내수 시장 활성화 노력, 경제 회복 촉진"
1127,1127,경제,"해외 진출 기회 확대, 국산 제품 홍보 강화"
1128,1128,경제,"기업 경쟁력 강화, 국제 무역 증가"
1129,1129,경제,중국의 경제 성장 속도 감소에 대한 영향 논의
1130,1130,경제,"디지털 전환 가속화, 새로운 산업 분야 확대"
1131,1131,경제,인공지능 기술 활용으로 생산성 향상 추세
1132,1132,경제,국내 금융시장 안정을 위한 정책적 노력 지속
1133,1133,경제,미래 성장 동력 확보 위한 연구 개발 투자 증가
1134,1134,경제,"소비자 트렌드 변화에 적응, 새로운 상품 및 서비스 개발 필요"
1135,1135,경제,"국제협력 강화, 글로벌 경제 위기를 극복"
1136,1136,경제,"규제 개선, 기업 활동 촉진"
1137,1137,경제,"인적 자원 개발 중요성, 미래 경쟁 우위 확보"
1138,1138,경제,"사회적 책임 실천, 지속 가능한 경제 발전 추진"
1139,1139,경제,"스마트팩토리 구축, 생산 효율성 향상"
1140,1140,경제,데이터 기반 경영 전략 수립 필요성 증대
1141,1141,경제,"미래 유망 산업 분야 육성, 청년 일자리 창출"
1142,1142,경제,"지역경제 활성화, 지역 특색 살린 발전 전략 추진"
1143,1143,경제,"기술혁신 기반 경제 성장, 미래 사회 준비"
1144,1144,경제,환경 보호와 경제 성장의 조화로운 발전
1145,1145,경제,"국제 무역 확대, 국내 산업 경쟁력 강화"
1146,1146,경제,글로벌 금융 시스템 안정성 확보 노력
1147,1147,경제,"자동차 산업 혁신, 친환경 차량 개발 가속화"
1148,1148,경제,5G 기술 활용으로 새로운 서비스 창출
1149,1149,경제,소비자 중심의 경제 모델 구축 필요성 증대
1150,1150,경제,지속 가능한 성장을 위한 국제 협력 강화
1151,1151,경제,"새로운 금융 시스템 도입, 디지털 전환 가속화"
1152,1152,경제,"예술 및 문화 산업 활성화, 지역 관광 발전 촉진"
1153,1153,정치,"국민의힘, '임시대표' 선출 합의... 이명박-최경환 등 후보 쟁탈"
1154,1154,정치,"더불어민주당, 지방자치단체 선거 공개적 대비 발표... 정책 홍보 강화"
1155,1155,정치,지역구 국회의원 보궐선거 재보고... '선관위' 투표 시스템 개선 논란
1156,1156,정치,정세 미래에 대한 전문가 의견… 분열 심화 우려 속 제도적 대안 모색
1157,1157,정치,"대통령 선거, 최소 득표율 확장 요구… 개인정보 보호 강조"
1158,1158,정치,"국회 본회의, 민주당 '사법부 독립성' 논란 주목... 검찰 수사 추진 의지 표명"
1159,1159,정치,반대 진영 연대… 국민과 소통 장려 위한 정책 모색 필요성 제기
1160,1160,정치,"정치 참여율 저하, 청년층의 '행태 변화' 분석 필요... 소외감 해소 방안 모색"
1161,1161,정치,"오늘의 정치, 넷플릭스 시리즈로 드러나는 현실… 역사적 교훈 재점검"
1162,1162,정치,"정치 Reform, 국민 만족도 저하 우려… 투명성 강화 및 책임 질서 강조 필요"
1163,1163,과학/기술,"인공지능, 드라마 속처럼? 최첨단 AI 시스템이 인간 감정 이해하는 걸 가능하게 함"
1164,1164,과학/기술,"우주 탐사의 새로운 지평! NASA, 마스 위에 생물 발견 가능성 높은 지역 공개"
1165,1165,과학/기술,3D 프린팅 기술 발전! 이제 사람의 조직도 출력 가능해져 미래 의료 시대 열림
1166,1166,과학/기술,"자동차 산업 혁신! 전기 자동차 배터리, 충전 시간 단축으로 인력과 비용 절감"
1167,1167,과학/기술,빅데이터 분석으로 질병 예측 가능? AI 기반 건강 관리 시스템 개발 가속화
1168,1168,과학/기술,VR 기술 활성화! 메타버스 공간에서 새로운 교육 및 엔터테인먼트 경험 선사
1169,1169,과학/기술,"블록체인 기술, 금융 업계 혁신 주도? 안전하고 투명한 거래 시스템 구축 논의"
1170,1170,과학/기술,소재 과학 발전! 탄소 중립을 위한 새로운 친환경 소재 개발 속도 증가
1171,1171,과학/기술,"클라우드 컴퓨팅 확산, 데이터 보안 중요성 강조! 최신 방어 기술 도입 필수"
1172,1172,과학/기술,"생체 인식 기술 발전! 안면인식, 홍보 효과는? 윤리적 논란 또다시 부상"
1173,1173,과학/기술,"로봇 공학 분야 급부상! 스마트 시설 관리 로봇, 산업 생산성 향상 기대감 높아짐"
1174,1174,과학/기술,"음성 인식 기술 발전, 자연어 처리 성능 뛰어남! 인공지능 대화 시스템 상용화 임박"
1175,1175,과학/기술,"유전자 편집 기술 확장, 질병 치료 가능성 열림! 윤리적 논쟁과 함께 과학의 새로운 지평 개척"
1176,1176,과학/기술,나노기술 발전으로 미세먼지 해결 가능? 에너지 효율 증대 및 환경 보호 혁신
1177,1177,과학/기술,"3D 바이오 프린팅 기술, 인체 조직 재생 연구 활성화! 질병 치료 및 장기 이식의 새로운 가능성 제시"
1178,1178,과학/기술,"항공우주 분야 발전, 신형 우주선 개발 속도 증가! 먼저 달에 도착하는 국가 경쟁 심화"
1179,1179,과학/기술,"과학 데이터 분석 시스템 구축, 질병 예측 및 치료 효율성 향상 기대됨"
1180,1180,과학/기술,"지능형 스마트폰 개발, 인공지능을 활용한 사용자 맞춤형 서비스 제공"
1181,1181,과학/기술,"인간-로봇 공동 작업 환경 조성, 협업 성과 증대 및 일자리 변화 논의"
1182,1182,과학/기술,"새로운 에너지원 개발, 태양열 발전 효율 향상 연구 활발"
1183,1183,과학/기술,"미래 도시 건설 방향 제시, 스마트 시티 기술 도입으로 지속 가능한 발전 추구"
1184,1184,과학/기술,"생명 과학 연구 가속화, 유전자 검사 기술 이용하여 질병 예방 및 치료 효과 증대"
1185,1185,과학/기술,"디지털 변화 속에서 새로운 기술 개발, AI 기반 융합 기술 확산으로 미래 사회 개선 노력"
1186,1186,과학/기술,"정보 보안 시스템 강화 필요성 부각, 사이버 공격 대비를 위한 연구 활발"
1187,1187,과학/기술,"미세먼지 문제 해결을 위한 과학적 접근 방식 모색, 환경 보호 기술 개발 촉진"
1188,1188,과학/기술,"AI 기반 의료 진단 시스템 도입, 질병 조기 진단 및 치료 효과 증대 기대"
1189,1189,과학/기술,"에너지 저장 장치 개발, 재생 에너지 사용 확대를 위한 중요한 과제로 주목"
1190,1190,과학/기술,"사이버 보안 기술 발전, 개인 정보 보호와 데이터 안정성 확보 노력 지속"
1191,1191,과학/기술,"재생 가능 에너지 기술 연구 활발, 지구 온난화 문제 해결을 위한 새로운 전략 모색"
1192,1192,과학/기술,"자동차 산업의 미래 방향 설정, 첨단 자동 주행 시스템 개발 및 실제 적용 논의"
1193,1193,과학/기술,"인공지능 기반 교육 플랫폼 구축, 맞춤형 학습 경험 제공으로 교육 만족도 향상"
1194,1194,과학/기술,"로봇 기술 활용, 산업 생산성 향상 및 노동 환경 개선 추진"
1195,1195,과학/기술,"3D 프린팅 기술의 다양한 응용 분야 확대, 제조, 의료, 디자인 등 여러 분야에 활용"
1196,1196,과학/기술,"생명 공학 연구 발전, 인공 조직 및 장기 생성 가능성 탐색"
1197,1197,과학/기술,"AI 기반 예측 모델 개발, 자연재해 대비 시스템 강화와 국가 안보 확보 노력"
1198,1198,과학/기술,"과학 데이터 분석 플랫폼 구축, 학문적 발전과 국제 협력 증진 도모"
1199,1199,과학/기술,"음성 인식 기술 적용, 보안 및 편의 기능 향상으로 사용자 경험 개선"
1200,1200,과학/기술,"사물 인터넷(IoT) 시스템 구축, 스마트 도시 개발 및 생활 환경 개선"
1201,1201,과학/기술,"우주 탐사 활동 확대, 새로운 우주 정책 수립 및 국제 공동 프로젝트 추진"
1202,1202,과학/기술,"나노기술 적용, 소재 발전과 친환경 기술 개발을 통한 지속 가능성 증진"
1203,1203,과학/기술,"클라우드 컴퓨팅 플랫폼 확장, 데이터 저장 및 처리 성능 향상으로 IT 산업 발전"
1204,1204,과학/기술,"바이오 인공지능 연구 활발, 질병 진단 및 치료에 새로운 접근 방식 제시"
1205,1205,과학/기술,"블록체인 기술 적용, 금융 시스템 안정성 확보 및 투명성 증대 노력"
1206,1206,과학/기술,"생체 공학 분야 발전, 인공 장기 개발 및 면역 체계 강화 연구 진행"
1207,1207,과학/기술,"광자 통신 기술 개발, 높은 속도 및 안정성을 가진 데이터 전송 시스템 구축"
1208,1208,과학/기술,"에너지 효율 향상, 신재생 에너지 발전 및 에너지 저장 기술 연구 활발"
1209,1209,과학/기술,"스마트팜 기술 도입, 식량 생산성 증대 및 지속 가능한 농업 체계 구축"
1210,1210,과학/기술,"음성 기반 인공지능 개발, 자연스러운 대화 시스템 구축 및 사용자 편의성 향상"
1211,1211,과학/기술,"VR/AR 기술 활용, 교육, 엔터테인먼트, 의료 분야 등 다양한 분야에 새로운 경험 제공"
1212,1212,과학/기술,"디지털 전환 추세 속에서 AI 기반 기술 개발 촉진, 미래 사회 변화 주도"
1213,1213,과학/기술,"과학 연구 투자 확대, 지식 창출 및 국제 경쟁력 강화 노력"
1214,1214,과학/기술,"미래 도시 건설 계획 수립, 스마트 시스템 구축을 통한 효율성 증대 및 삶의 질 향상"
1215,1215,과학/기술,"AI 기반 의료 진단 시스템 도입, 질병 조기 진단 및 치료 효과 증대"
1216,1216,과학/기술,"생명공학 연구 발전, 유전자 편집 기술 활용하여 질병 치료 및 새로운 생체 재료 개발"
1217,1217,과학/기술,"지속 가능한 발전을 위한 과학적 노력 지속, 환경 문제 해결 및 미래 사회 구축"
1218,1218,과학/기술,"인간 중심의 기술 개발 추진, 윤리적 가치와 책임감 고려하며 AI 활용 확대"
1219,1219,과학/기술,"미래에 대한 예측과 분석, 과학적 데이터 기반으로 미래 전망 제시 및 정책 수립 지원"
1220,1220,스포츠,"김혜선 선수, 역대급 승리로 골드메달 목표 설정!"
1221,1221,스포츠,"손흥민 활약으로 토트넘, 프리미어 리그 주도권 확고하게!"
1222,1222,스포츠,"대한민국 축구 국가대표팀, 아시안컵 준우승 꿈꾼다."
1223,1223,스포츠,"NBA 최종전 접전! 필라델피아, 우승에 가까워진다."
1224,1224,스포츠,"MLB 시즌 중반 돌풍! 뉴욕 양키스, 순위 상승 속도가 빠른 이유는?"
1225,1225,스포츠,"WTA 토너먼트, 코리아 여자 선수의 눈부신 활약!"
1226,1226,스포츠,LPGA 투어에서 한국계 선수들의 흥행이 지속된다.
1227,1227,스포츠,"올림픽 장애인 스포츠, 대한민국 선수들의 빛나는 퍼포먼스."
1228,1228,스포츠,"자전거 레이싱 대회에서 국내 선수, 경주 중간 우승 달성!"
1229,1229,스포츠,수영 선수의 드라마틱한 목표 향해 달려가는 모습
1230,1230,스포츠,테니스 스타 폴라에 대한 독점 인터뷰!
1231,1231,스포츠,"축구 월드컵 2026 예선 대진, 한국팀의 강력한 경쟁자."
1232,1232,스포츠,인기 높은 eSports 리그에서 새로운 영웅이 등장했어요.
1233,1233,스포츠,올림픽 수영 선수들의 트레이닝 과정과 열정을 담다.
1234,1234,스포츠,"럭비 월드컵 결승전, 한국 팀의 역사적인 승리 기대!"
1235,1235,스포츠,"아마추어 스포츠 경기, 지역 사회 활성화에 기여하는 요소."
1236,1236,스포츠,스피드 스케이팅 선수의 눈부신 속도와 정교한 기술
1237,1237,스포츠,심층 인터뷰: 프로 복싱 선수의 땀과 노력에 대한 이야기.
1238,1238,스포츠,다양한 운동 종목의 장점을 알려주세요!
1239,1239,스포츠,스포츠는 건강과 행복을 위한 필수 요소입니다.
1240,1240,스포츠,현지 스포츠팀의 활약이 지역 경제를 견인하고 있다.
1241,1241,스포츠,젊은 세대에게 스포츠가 가져다 주는 긍정적인 영향.
1242,1242,스포츠,스포츠는 국제적 소통과 우호 증진에 기여한다.
1243,1243,스포츠,스포츠를 통한 사회적 책임 실천의 중요성.
1244,1244,스포츠,실패로부터 배우는 스포츠 정신.
1245,1245,스포츠,팀워크와 공동체 의식을 키우는 스포츠 활동
1246,1246,스포츠,스포츠는 역경을 극복하고 성장하는 데 도움을 준다.
1247,1247,스포츠,인내심과 포기하지 않는 열정이 승리의 비결!
1248,1248,스포츠,스포츠 경기 관람은 감성적 체험을 제공한다.
1249,1249,스포츠,전 세계 스포츠 팬들의 열광적인 응원과 분위기
1250,1250,스포츠,지속 가능한 스포츠 발전을 위한 노력.
1251,1251,스포츠,스포츠 기술의 발전과 미래 전망.
1252,1252,스포츠,"스포츠와 건강, 삶의 질 향상에 대한 연관성."
1253,1253,국제,미중 갈등 심화… 남측 동해 주변 열강 군사력 증대
1254,1254,국제,"EU, 러시아 에너지 제한 강화 논의 돌입"
1255,1255,국제,"WHO, 새로운 코로나 변이 파급 경고… 백신 접종 독려"
1256,1256,국제,"UN, 핵무기 확산 방지 위한 정상회담 개최 예정"
1257,1257,국제,"북한, 국제 사회에 대규모 군사 행동 시험 발표"
1258,1258,국제,아프리카 내 기후변화 심각… 식량 부족 위기 경보
1259,1259,국제,인도-파키스탄 간 국경에서 발생한 사건… 상황 악화 우려
1260,1260,국제,"중국, 아시아 국가들과 새로운 무역협정 체결 추진"
1261,1261,국제,"일본, 태평양 지역 안보 강화를 위한 군사 개혁 발표"
1262,1262,국제,"러시아, 동부 유럽 국가들의 경제 압박 강화"
1263,1263,국제,기후변화 대응 위해 세계 각국의 정치인들 국제 회의 참석
1264,1264,국제,"국제 평화 지원 단체, 아프리카 내 시민권 보호 노력 강화"
1265,1265,국제,"영국, EU와 무역협정 재협상 위한 과도한 요구 철회"
1266,1266,국제,"북유럽 국가들, 극심한 에너지 부족 현상으로 어려움 겪고 있음"
1267,1267,국제,"미국 대통령, 해외 방문 계획 발표… 동맹국과의 관계 강화"
1268,1268,국제,"중동 지역, 내전 및 테러 행위로 인해 인권 위협 심각"
1269,1269,국제,"UN, 시리아 내 국민들을 위한 구호 활동 확대 예고"
1270,1270,국제,"세계 금융 기관, 글로벌 경제 불안 요소에 대한 우려 표명"
1271,1271,국제,미국 주도의 새로운 국제 군사 동맹 형성 가능성 높아짐
1272,1272,국제,"북한, 외교적 대화 제안… 평화로운 해결 방안 모색"
1273,1273,국제,"러시아, 핵무기 검증 조약 철회 논란에 대한 반론"
1274,1274,국제,"EU, 인도와 동맹 관계 구축을 위한 다각적인 노력 추진"
1275,1275,국제,"국제 사회, 북한의 미사일 발사 사건에 강경히 대응"
1276,1276,국제,"중국, 글로벌 금융 시스템 내 영향력 강화 노력 지속"
1277,1277,국제,"인도, 아시아 국가들과 공동 무역 협력체 구축 위한 활동"
1278,1278,국제,"러시아, 유럽 국가들을 향한 에너지 전문가 파견… 대응 마련"
1279,1279,국제,"미국, 국제적인 긴급구호 지원금 제공을 통한 자원 배분"
1280,1280,국제,"UN, 북아프리카 지역 내 기후변화 피해 최소화를 위한 노력 강화"
1281,1281,국제,"EU, 미국과의 무역 분쟁 해결 위한 대화 채널 개설"
1282,1282,국제,"북한, 국제적인 비전을 가진 새로운 정책 발표 계획"
1283,1283,국제,"영국, EU 탈퇴 이후 영향 분석 보고서 발표… 미래 전망"
1284,1284,국제,중국과 미국 간 경쟁 심화… 해양 및 공간 분쟁 증가
1285,1285,국제,러시아의 우주 프로그램 성공… 국제적 영향력 확대
1286,1286,국제,"UN, 세계적인 식량 부족 문제에 대한 조치 필요성 강조"
1287,1287,국제,미국의 대외 정책 변화… 새로운 동맹 관계 형성 추진
1288,1288,국제,"북한, 외교적 교류 증가… 국제 사회와의 관계 개선 시도"
1289,1289,국제,"EU, 세계 경제 불안에 맞춰 새로운 산업 분야 투자 확대"
1290,1290,국제,미국과 중국의 기술 경쟁 심화… 인공지능 분야에서 우위 쟁탈
1291,1291,국제,"러시아, 국제적인 군사력 증강 계획 발표… 지역 안보 위협"
1292,1292,국제,"UN, 세계 평화 유지를 위한 노력 강화… 새로운 비전 제시"
1293,1293,국제,"중국, 글로벌 금융 시스템에 대한 영향력 확대 노력 지속"
1294,1294,국제,"인도, 아시아 국가들과의 공동 개발 프로젝트 추진"
1295,1295,국제,"러시아, 국제적인 핵무기 검증 조약 철회 논란… 세계 사회 불안감 증가"
1296,1296,국제,"미국, 해외 군사 기지 배치 계획 변화… 새로운 전략 모색"
1297,1297,국제,"EU, 북유럽 국가들과의 경제협력 강화를 위한 노력 지속"
1298,1298,국제,"북한, 국제적인 인권 문제에 대한 관심 증가… 사회적 변화 시도"
1299,1299,국제,"중국, 해양 주변 국가들과의 갈등 완화 방안 모색"
1300,1300,국제,"러시아, 국제적인 군사 협력을 위한 새로운 제안 발표"
1301,1301,국제,"UN, 세계 대기오염 문제에 대한 조치 필요성 강조… 지구 온난화 심각"
1302,1302,국제,"미국, 글로벌 기후변화 대응 방안 모색… 새로운 정책 수립"
1303,1303,국제,"EU, 아프리카 지역 개발 지원을 위한 새로운 계획 발표"
1304,1304,국제,"북한, 국제 사회와의 외교적 관계 개선 노력 지속"
1305,1305,국제,"중국, 글로벌 경제 활성화를 위한 금융 시스템 개혁 추진"
1306,1306,국제,"러시아, 세계적인 핵무기 확산에 대한 우려 표명… 평화 유지 위해 노력 강화"
1307,1307,국제,"미국, 해외 군사적 참여 감소 계획 발표… 국내 경제 중심 전략"
1308,1308,국제,"EU, 세계적인 식량 부족 문제 해결을 위한 새로운 프로그램 개발"
1309,1309,국제,"북한, 국제 사회와의 교류 증가… 외교 정책 변화 시도"
1310,1310,국제,"중국, 글로벌 기술 분야에서 독점적 위치 확보 노력 지속"
1311,1311,국제,"러시아, 국제적인 군사적 영향력 강화를 위한 새로운 전략 발표"
1312,1312,국제,"UN, 세계적인 인권 문제 해결을 위한 새로운 조치 제안"
1313,1313,사회,"지역 사회 기부 활동 증가, 온라인 플랫폼 활용 확대"
1314,1314,사회,"청년 실업율 악화, 취업 지원 정책 강화 필요성 제기"
1315,1315,사회,"저소득층 주거난 심화, 공공주택 건설 가속화 촉구"
1316,1316,사회,"고령화 사회 대비, 돌봄 서비스 확대 필요성 고려"
1317,1317,사회,"사회 불평등 심화 우려, 경제적 성장과 함께 배분 문제 해결 시급"
1318,1318,사회,"아동 학폭 사례 증가, 교육 기관의 책임 강조"
1319,1319,사회,"인종차별 논란, 사회 통합을 위한 노력 필요성 재점검"
1320,1320,사회,"대국민 인식 개선 캠페인, 다문화 사회 적응도 향상"
1321,1321,사회,"새로운 의사 결정 모델 도입, 시민 참여 확대 추진"
1322,1322,사회,소셜 미디어 활용에 따른 정보 편향 문제 심각성 대두
1323,1323,사회,"지역 축제 재개, 지역 경제 활성화와 관광 부문 긍정적 효과 기대"
1324,1324,사회,"봉사활동 참여 증가, 사회 공헌 정신 확산 추세"
1325,1325,사회,"환경 보호 시민 운동 강화, 지속 가능한 발전 필요성 주장"
1326,1326,사회,"기업의 사회 책임 강조, 지역사회 발전 위한 지원 확대"
1327,1327,사회,사회적 약자 위한 복지 정책 개선 요구
1328,1328,사회,"여성 권리 보호 노력, 성 평등 사회 구현 기반 마련"
1329,1329,사회,"LGBTQ+ 인권 존중 필요성 재강조, 차별 없는 사회 조성을 향해"
1330,1330,사회,"인턴십 프로그램 확대, 청년 취업 지원 체계 강화"
1331,1331,사회,사회적 거리감 해소를 위한 다양한 프로젝트 추진
1332,1332,사회,"지역 커뮤니티 활성화, 공동체 의식 함양 및 소통 증진"
1333,1333,사회,"교육 과정 개혁 필요성 제기, 미래 사회 변화에 대응하는 인재 양성"
1334,1334,사회,"디지털 격차 해소 위한 노력 강화, 정보 접근성 확대"
1335,1335,사회,"미디어의 책임성 확보, 정확한 정보 제공 및 편향 방지 노력"
1336,1336,사회,"사회적 불신 감소, 투명하고 책임감 있는 사회 조성을 위해"
1337,1337,사회,"문화 다양성 존중, 공존하는 사회 구축 노력 필요"
1338,1338,사회,국민 건강 증진을 위한 정책 강화 필요성 제기
1339,1339,사회,"범죄 예방 및 처벌 확고히, 안전하고 원만한 사회 유지"
1340,1340,사회,"사회적 약자를 위한 지원 체계 강화, 공정하고 포용적인 사회 구축"
1341,1341,사회,새로운 기술 도입을 통한 사회 발전 추진
1342,1342,사회,"지역 주민 참여 확대, 지역 문제 해결 및 자치 실현"
1343,1343,사회,"사회적 책임감 있는 기업 활동, 지속 가능한 성장과 사회 공헌 병행"
1344,1344,사회,"공익 의식 함양, 봉사 정신 확산을 통한 사회 발전 도모"
1345,1345,사회,"인간 중심적인 사회 시스템 구축 노력, 인본 가치 존중 및 복지를 위한 방안 모색"
1346,1346,경제,"금리 인상에도 불구하고 물가 상승 속도 지속, 경제 우려 고조"
1347,1347,경제,"국내 IT 기업, 해외 시장 진출 가속화"
1348,1348,경제,美-中 갈등 심화에 국제경제 혼란 확산
1349,1349,경제,"은행 수익률 하락 우려, 금융 투자 시대 변화 전망"
1350,1350,경제,지속 가능한 경제 성장을 위한 정부 정책 강화 논의 본격화
1351,1351,경제,"AI 기술 활용, 국내 기업 경쟁력 강화 위한 열쇠"
1352,1352,경제,"ESG 투자 트렌드 확산, 친환경 사업에 대한 투자 증가"
1353,1353,경제,반도체 시장 침체 속에 삼성전자·SK하이닉스 지출 감축
1354,1354,경제,국내 소비 위축으로 리테일 업계 어려움 심화
1355,1355,경제,"고용 불안 가중, 청년층 취업난 문제 재점화"
1356,1356,경제,"인공지능(AI) 기술 혁신, 새로운 경제 성장 동력으로 주목받아"
1357,1357,경제,코로나19 팬데믹 이후 경제 회복 속도 다소 느려짐
1358,1358,경제,금융 시장 불확실성 증가에 투자자들 불안감 고조
1359,1359,경제,"글로벌 공급망 혼란, 한국 기업 경영 위협 심화"
1360,1360,경제,"기술 경쟁 심화, 국내 기업 해외 진출 위한 노력 가속화"
1361,1361,경제,"데이터 중심 경제 시대 도래, 데이터 분석 역량 강화 필요성 대두"
1362,1362,경제,지구 온난화 대응을 위한 녹색 기술 투자 증가 추세
1363,1363,경제,"금융 불법 활동 예방, 정부 강력한 조치 강구 예고"
1364,1364,경제,시장 경쟁 심화 속에서 국내 기업들의 R&D 투자 확대
1365,1365,경제,인플레이션 지속적인 상승으로 소비자 생활 고통 증가
1366,1366,경제,"전 세계 디지털 변화 추세, 새로운 사업 모델 창출 필요성 강조"
1367,1367,경제,"실질 경제 성장률 하락, 정부 경제 활력 제고 노력 필요"
1368,1368,경제,글로벌 경제 불안 증대 속에서 국내 경제 회복 어려움
1369,1369,경제,"인재난 심화, 기업들의 교육 투자 중요성 재조명"
1370,1370,경제,"기술혁신 주도 경제 성장 전략 추진, 정부 지속적인 지원 필요"
1371,1371,경제,미래 사회를 위한 미래 기술 개발에 대한 투자 확대
1372,1372,경제,"사회적 책임 경영(CSR) 활동 중요성 대두, 기업들의 윤리경영 노력 강조"
1373,1373,경제,"지역 경제 활성화 방안 모색, 지역 특산물 상품화 및 관광 발전 추진"
1374,1374,경제,"기술 융합을 통한 신 산업 창출 도모, 새로운 경제 성장 동력 확보"
1375,1375,경제,경제 불평등 심화 문제 해결 위한 정부 개입 필요성 논의 활발
1376,1376,경제,새로운 기술과 디지털 전환 기회 활용하여 국내 경쟁력 강화 추진
1377,1377,경제,자본 시장 건전한 운영을 위한 투명성 강화 및 규제 마련 필요
1378,1378,경제,"국가 주도의 산업 정책 지원, 미래 기술 개발과 경제 성장 동반하기"
1379,1379,경제,세계적인 경제 변화에 대응하여 국내 기업들의 적응력 강화 필요
1380,1380,경제,인류 중심의 지속 가능한 경제 시스템 구축 노력 증대
1381,1381,경제,"AI, 빅데이터 등 미래 기술 활용으로 새로운 사업 모델 창출 및 경제 성장 도모"
1382,1382,경제,글로벌 공급망 재편 속에서 한국 기업들의 글로벌 네트워크 강화 필요
1383,1383,경제,"자원 효율성 증대를 위한 green tech 투자 확대, 지속 가능한 경제 발전 추진"
1384,1384,경제,"지역 경제 활성화 방안 모색, 혁신 기술 및 창업 지원을 통한 지역 경쟁력 강화"
1385,1385,경제,"경제 다변화 추진, 새로운 성장 동력 확보 위한 정부 노력 필요"
1386,1386,경제,"사회적 기여를 중시하는 ESG 기업 활성화, 지속 가능한 사회 발전에 기여"
1387,1387,경제,"고용 유동성 증대 및 인재 양성 프로그램 강화, 미래 일자리 창출 추진"
1388,1388,경제,국내 경제 성장을 위한 정부의 적극적 정책 지원 필요성 대두
1389,1389,경제,"기업들의 사회적 책임 이행 확산, 윤리경영과 지속 가능한 발전 연계"
1390,1390,경제,"미래 기술 및 혁신 기반 경제 구축, 국민 소득 향상 및 경제 활력 제고 노력"
1391,1391,경제,글로벌 시장에서 한국 기업들의 경쟁력 강화 위한 다각적 지원 필요
1392,1392,정치,"野党, 총리 후보 지명 논란으로 내부 갈등 심화"
1393,1393,정치,"대통령, 국회 청원금지법 제정 촉구"
1394,1394,정치,"새로운 정당 출범, 정치권 격변 예상"
1395,1395,정치,"민주당, 지역구 선거에 적극 대비"
1396,1396,정치,"보수당, 경제 불황에 대한 해결책 공략"
1397,1397,정치,"국회의원들, 국정감사 결과 보고서 논란"
1398,1398,정치,외교 문제 상황 악화에 정부 발표 조치 의지 표명
1399,1399,정치,개헌 활성화 위한 시민단체들의 캠페인 본격화
1400,1400,정치,"선거법 개혁 관련 대립 심화, 공정한 선거를 위한 논의 필요성 제기"
1401,1401,정치,국가 안보 위협에 대한 대응 방안 강화 위한 정책 발표
1402,1402,정치,사회적 약자 보호를 위한 새로운 정책 추진
1403,1403,정치,지역 주민들의 의견을 반영한 정치 시스템 구축 노력
1404,1404,정치,정치 개혁 및 비리 청소 위한 사회적 목소리 고취
1405,1405,정치,국제적인 정치 현황 변화에 대응하는 전략 수립
1406,1406,정치,"정부 예산 낭비 논란, 국민들의 불신 심화"
1407,1407,정치,반대파의 성명 발표로 정치 분위기 치열화
1408,1408,정치,정치인들의 윤리 문제 의혹으로 시선 집중
1409,1409,정치,전문가들은 정치 개혁에 대한 깊이 있는 논의 필요성 강조
1410,1410,정치,국민들이 직접 참여하는 정치 시스템 구축 위한 노력 증진
1411,1411,정치,정치 활동과 윤리 의식 간의 균형을 맞추는 중요성 부각
1412,1412,정치,온라인 플랫폼 활용을 통한 투명하고 효율적인 정치 운영 추구
1413,1413,정치,다양한 사회 계층이 참여하는 정치 시스템 구축 노력
1414,1414,정치,정치적 이념 갈등 해소를 위한 대화 및 협상 장려
1415,1415,정치,사회 발전을 위한 정책 수립 과정에 국민 의견 반영
1416,1416,정치,국가의 안전과 번영을 위해 정치 지도자들의 책임 강조
1417,1417,정치,투명하고 공정한 선거를 위한 시스템 개선 노력
1418,1418,정치,국제 사회와의 협력 관계 강화를 통한 국익 증진
1419,1419,정치,개인정보 보호 및 프라이버시 존중을 고려한 정책 수립
1420,1420,정치,지속 가능한 발전을 위한 환경 보호 정책 추진
1421,1421,정치,과학 기술 발전에 따른 사회적 영향 관리
1422,1422,정치,혁신적인 정책 개발 및 도입을 통한 국가 경쟁력 강화
1423,1423,정치,문화예술 활성화를 통한 사회 구성원의 삶의 질 향상
1424,1424,정치,여성의 권리와 참여를 확대하기 위한 정책 추진
1425,1425,정치,장애인 인권 보호 및 사회적 소외 해소 노력
1426,1426,정치,불평등 심화 문제 해결을 위한 사회 복지 정책 강화
1427,1427,정치,국제 규범 준수 및 평화 유지를 위한 외교 활동 지속
1428,1428,정치,기후 변화 대응 및 환경 보호를 위한 국제적 협력 증진
1429,1429,정치,인공지능 기술 발전에 따른 윤리적 문제 해결 노력
1430,1430,정치,사회 디지털 전환 과정에서의 정보 접근성 확대
1431,1431,정치,미래 사회 변화에 대비하는 교육 시스템 개혁
1432,1432,정치,국가 경제 활성화 및 일자리 창출을 위한 정책 추진
1433,1433,정치,소득 불평등 해소를 위한 재분배 정책 검토
1434,1434,정치,국민들의 건강 증진 및 의료 서비스 질 향상 노력
1435,1435,정치,사이버 공격에 대한 방어 시스템 강화 및 국익 보호
1436,1436,정치,다양한 문화적 소통을 통한 사회 간 이해 심화
1437,1437,정치,사회 통합과 포용성을 위한 정책 추진
1438,1438,정치,정치 시스템 개선을 위한 지속적인 논의 및 노력 필요
1439,1439,정치,국민 참여를 중시하는 정치 문화 조성
1440,1440,정치,윤리적이고 투명한 정치 운영을 위한 사회적 기대감 고조
1441,1441,정치,정치 활동에 대한 국민들의 적극적인 관심과 참여 유도
1442,1442,정치,신뢰와 책임 있는 정치 지도자 양성
1443,1443,정치,국가 발전을 위한 공동 목표 설정 및 협력 증진
1444,1444,과학/기술,"인공지능, 미래 사회 변화 주도할까?"
1445,1445,과학/기술,5G 통신 기술 활용한 스마트 팜 등장!
1446,1446,과학/기술,우주 관측소 발견 - 새로운 행성으로 향하는 여정 시작!
1447,1447,과학/기술,"비행 자동차 개발 속도 증가, 하늘을 달리는 미래 다가오나?"
1448,1448,과학/기술,빅데이터 분석 기술로 질병 예측 가능해짐
1449,1449,과학/기술,"첨단 로봇 시스템, 인간 노동자 대체?"
1450,1450,과학/기술,나노기술 활용한 의료 치료법 개발 동향
1451,1451,과학/기술,블록체인 기술 적용으로 보안 강화
1452,1452,과학/기술,사이버 공격 위협 심각! 해킹 방어 연구 본격 시작!
1453,1453,과학/기술,"전 세계 급속한 인공지능 발전 추세, 윤리적 문제 제기"
1454,1454,과학/기술,"3D 프린팅 기술 활용, 건물 건설 시스템 변화 예상"
1455,1455,과학/기술,"자율주행차 개발 경쟁 심화, 안전성 확보 중요 과제"
1456,1456,과학/기술,"현실 증강/가상 현실 기술, 새로운 콘텐츠 산업 육성"
1457,1457,과학/기술,생체 공학 발전으로 인공 장기 이식 가능?
1458,1458,과학/기술,"태양 에너지 활용 효율 향상, 지속 가능한 미래"
1459,1459,과학/기술,"소음 감소 기술 개발, 도시 환경 개선 기대감 높아짐"
1460,1460,과학/기술,"디지털 화폐 확산 추세, 금융 시스템 변화 가져올까?"
1461,1461,과학/기술,가짜 뉴스 전파 방지를 위한 AI 기술 활용
1462,1462,과학/기술,유전자 편집 기술의 윤리적 논쟁 심화
1463,1463,과학/기술,"스마트폰 카메라 성능 향상, 고품질 사진 촬영 가능해짐"
1464,1464,과학/기술,지구 온난화 대응 위한 과학적 노력 가속화
1465,1465,과학/기술,미세먼지 문제 해결을 위한 기술 개발 본격 추진
1466,1466,과학/기술,"인공지능 기반 의료 진단 시스템, 정확성 향상에 기여"
1467,1467,과학/기술,"수소 에너지 사용 확대, 친환경 사회 구축 위한 동력"
1468,1468,과학/기술,"메타버스 플랫폼 성장, 새로운 소통 방식 도입"
1469,1469,과학/기술,클라우드 컴퓨팅 기술 발전으로 데이터 저장 용량 증가
1470,1470,과학/기술,생명체 프린팅 기술 개발로 질병 치료 가능성 제기
1471,1471,과학/기술,"지능형 로봇 시스템, 의료 서비스 분야 적용"
1472,1472,과학/기술,"다차원적 우주 모형 연구, 새로운 물리 법칙 규명"
1473,1473,과학/기술,사이버 보안 전문가 부족 문제 심각
1474,1474,과학/기술,"인공 감정 기반 로봇 개발, 인간과의 상호작용 개선"
1475,1475,과학/기술,기후 변화에 대응하는 재생 에너지 기술 활성화
1476,1476,과학/기술,전자폐기물 처리 문제 해결을 위한 연구 추진
1477,1477,과학/기술,"AI 기반 교육 시스템, 학습 효율성 증대"
1478,1478,과학/기술,인공지능이 창작 활동 수행할까? 예술계 논란 심화
1479,1479,과학/기술,빅데이터 분석으로 새로운 재료 발견 가능성 제기
1480,1480,과학/기술,사업자들의 데이터 보호 중요성 강조
1481,1481,과학/기술,실시간 정보 제공 위한 5G 통신 네트워크 확대
1482,1482,과학/기술,"과학 연구 투자 증가, 미래 기술 개발 가속화"
1483,1483,과학/기술,광범위한 데이터 활용을 위한 법적 규제 필요성 대두
1484,1484,과학/기술,로봇 자동화 시스템 도입으로 생산성 향상
1485,1485,과학/기술,"인공지능 기반 의료 진단 도구 검증, 정확도 확보 중요"
1486,1486,과학/기술,사이버 공격 대비 강화 위한 기술 개발 본격 추진
1487,1487,과학/기술,"신규 항우울제 개발 성공, 암세포 제거 효과 확인"
1488,1488,과학/기술,음성 인식 기술 발전으로 스마트 디바이스 사용 편리함 증대
1489,1489,과학/기술,"지능형 시스템 구축, 사회 문제 해결 위한 기반 마련"
1490,1490,과학/기술,"가상 현실 게임 기술 활용, 교육 및 의료 분야 적용 가능성 탐색"
1491,1491,과학/기술,우주 관측 사이트 개선으로 새로운 천문학적 발견 기대
1492,1492,과학/기술,기술 개발 속도 가속화로 인간 생존 위협? 윤리적 논쟁 필요
1493,1493,과학/기술,바이오 기술 발전으로 질병 치료 및 예방 가능성 증가
1494,1494,과학/기술,"데이터 분석 기반 의사 결정 지원 시스템, 효율성 향상"
1495,1495,과학/기술,"3D 프린팅 기술 활용, 고품질 제품 생산 및 재활용 촉진"
1496,1496,과학/기술,인공지능 기반 언어 번역 시스템 발전으로 문화 교류 확대
1497,1497,과학/기술,핵융합 연구 성공 가능성 증가로 에너지 문제 해결 전망
1498,1498,과학/기술,과학 기술 발전에 따른 윤리적 및 사회적 과제 논의 필요
1499,1499,과학/기술,"사이버 공간 보안 강화, 국가 간 협력 중요"
1500,1500,과학/기술,"인공지능 기반 의료 진단 시스템, 질병 조기 진단 및 치료 가능하게"
1501,1501,과학/기술,새로운 소재 개발로 인한 기술혁신 가속화
1502,1502,과학/기술,자율주행차 기술 발전으로 교통 안전성 증대 예상
1503,1503,과학/기술,"디지털 기술 활용, 사회 문제 해결 위한 효과적 도구"
1504,1504,과학/기술,"인공지능 기반 학습 시스템 개발, 개인 맞춤형 교육 제공 가능하게"
1505,1505,과학/기술,3D 프린팅 기술 활용으로 환경 오염 문제 완화 가능성 제기
1506,1506,과학/기술,생체 인식 기술 발전로 보안 시스템 강화 및 편리성 증대
1507,1507,과학/기술,"우주 탐사 활발히 추진, 새로운 지식과 자원 확보 노력"
1508,1508,과학/기술,"지능형 로봇 개발, 고령화 사회 대비 필수 전략"
1509,1509,과학/기술,스마트팩토리 구축으로 산업 자동화 가속화
1510,1510,과학/기술,"빅데이터 분석 기술 활용, 경제 성장 및 지역 발전 촉진"
1511,1511,과학/기술,"과학 기술 발전, 미래 사회에 대한 새로운 가능성 제시"
1512,1512,과학/기술,"인공지능 기반 의사 결정 지원 시스템, 효율적인 정책 수립 지원"
1513,1513,과학/기술,"클라우드 컴퓨팅 기술 활용, 데이터 저장 및 처리 용량 증대"
1514,1514,과학/기술,"블록체인 기술 적용, 금융 시스템 안전성 강화 및 투명성 확보"
1515,1515,과학/기술,"첨단 소재 개발, 산업 경쟁력 향상에 기여"
1516,1516,과학/기술,생물학 연구 발전으로 질병 치료법 개발 가능성 제기
1517,1517,과학/기술,"과학 기술 발전, 인류 복지 증진에 기여하는 중요한 요소"
1518,1518,과학/기술,"데이터 기반 의사 결정 시스템 도입, 효율적인 정책 수립 지원"
1519,1519,과학/기술,"인공지능 기반 교육 플랫폼 개발, 맞춤형 학습 경험 제공"
1520,1520,과학/기술,"3D 프린팅 기술 활용, 환경 친화적 제품 생산 및 재활용 촉진"
1521,1521,과학/기술,"사이버 보안 시스템 강화, 개인 정보 보호 및 사이버 공격 방지"
1522,1522,과학/기술,미래 사회 구축 위한 과학 기술 발전 필요성 증대
1523,1523,과학/기술,"우주 환경 연구, 지구 보호 및 미래 인류 생존을 위한 중요한 과제"
1524,1524,스포츠,"김연아, 국제 대회에서 금메달 획득! "
1525,1525,스포츠,"한국 축구 국가대표팀, 아시아 예선 첫 승 달성!"
1526,1526,스포츠,"박상혁 선수, NBA 드래프트서 최고 순위로 지명!"
1527,1527,스포츠,"올림픽, 기록 경신의 날! 한국 선수들 활약"
1528,1528,스포츠,"리그 챔피언결정전, 치열한 경기 끝에 우승팀은?"
1529,1529,스포츠,"KBO 리그, 주요 타자들의 감각적인 홈런 박진!"
1530,1530,스포츠,"WTA 테니스, 스위스 오픈 결승전에서 한국 선수 승리"
1531,1531,스포츠,"손흥민, 프리미어리그 골왕 경쟁 끝에 우승!"
1532,1532,스포츠,"한국 야구 국가대표팀, 월드 베이스볼 클래식 8강 진출!"
1533,1533,스포츠,"UFC 최고의 레벨, 대만에서 한국 선수가 우승"
1534,1534,스포츠,"배구 리그, 전남 드래곤즈, 정규시즌 우승 확정!"
1535,1535,스포츠,프로야구 시즌 시작! 각 구단들의 새로운 기대와 목표
1536,1536,스포츠,"김유나, 세계 골드컵에서 은메달 획득!"
1537,1537,국제,"미중 갈등 심화, 세계 경제 불안감 고조"
1538,1538,국제,"EU, 인도와 자유무역협정 negotiation 시작"
1539,1539,국제,"북한, 군사훈련 강화... 한반도 안보 위기 재점화 우려"
1540,1540,국제,결혼은 더 이상 사회적 기준이 아님? 국제적 결혼관 변화 추세
1541,1541,국제,"아프리카 건강 위협, 세계 보건 기구 경고"
1542,1542,국제,"글로벌 디지털 격차 심화, 개발도상국 불평등 가중"
1543,1543,국제,"한국의 K-Pop 열풍, 전 세계 팬들의 눈을 사로잡다"
1544,1544,국제,"IPCC 보고서, 지구온난화 심각성 재강조"
1545,1545,국제,"미주 공동위원회, 인권 문제 논의 강화"
1546,1546,국제,"아랍에미리트, 우주 탐사 프로그램 확대"
1547,1547,국제,"오스트리아 정치 위기, 연립 정부 불안정"
1548,1548,국제,"중앙아시아, 에너지 자원 경쟁 심화"
1549,1549,국제,러시아-우크라이나 전쟁 지속... 세계 안보 위협 고조
1550,1550,국제,"멕시코, 빈곤 악화와 인권 문제에 직면"
1551,1551,국제,"인도, 기술 발전으로 글로벌 경쟁력 강화"
1552,1552,국제,"유럽 연합, 환경 보호 정책 강화"
1553,1553,국제,"일본, 노인 인구 증가로 사회 문제 심각해짐"
1554,1554,국제,"남아프리카 공화국, 범죄 및 부패 문제 해결 위한 노력"
1555,1555,국제,"세계 은행, 글로벌 경제 성장 전망 하향 조정"
1556,1556,국제,"한국, 국제 사회에 기여하는 선진국으로서의 역할 강조"
1557,1557,국제,"캐나다, 북극 지역 영토 확보 노력"
1558,1558,국제,"브라질, 아마존 열대 우림 파괴 문제 심각"
1559,1559,국제,"태평양 지역 국가들, 해안 변화 대비 위한 협력 체결"
1560,1560,국제,"동아시아 지역, 경제 성장과 불확실성 공존"
1561,1561,국제,인도-중국 경쟁 심화... 영향권 확대 시도
1562,1562,국제,세계 금융 시스템 안정성에 대한 우려 고조
1563,1563,국제,"글로벌 인력 이동 증가, 국가 간 경제적 협력 강화"
1564,1564,국제,"해양 자원 관리 문제, 국제 사회적 논의 필요성 증대"
1565,1565,국제,무역 분쟁 심화... 세계 경제 성장 저하 우려
1566,1566,국제,"국제 기구, 인도-파키스탄 갈등 해결을 위한 중재 노력"
1567,1567,국제,"글로벌 온라인 커뮤니티 확산, 국제 문화 교류 활성화"
1568,1568,국제,AI 기술 발전으로 인한 윤리적 문제 논쟁 심화
1569,1569,국제,세계적인 빈곤 해소 위한 국제 사회적 노력 필요
1570,1570,국제,"미국 대선후보 경선 진행, 세계 정치 기세 변화 예상"
1571,1571,국제,"UN, 국제 평화 유지 및 안전 보장을 위한 노력 강화"
1572,1572,국제,글로벌 범죄 증가 추세에 대한 국제적 대응 필요
1573,1573,국제,"국제 시민 사회 활동, 세계 문제 해결 위한 중요한 역할"
1574,1574,국제,인간과 기술의 공존: 미래 사회 구축 과정에서의 국제적 논의 필요
1575,1575,국제,새로운 감염병 위험 상존... 전세계적인 방역 체계 강화 필요
1576,1576,국제,"글로벌 식량 안보 문제 심각, 국제 사회적 협력 필요"
1577,1577,국제,국제 정치 시대 변화 속에서 한국의 역할 점검
1578,1578,문화,"신예 가수 X, 데뷔 앨범으로 음악계를 사로잡다"
1579,1579,문화,"전통 무용단, 해외에서 열광적인 박수를 받아 화제"
1580,1580,문화,"불꽃놀이 예술가 A, 새로운 작품으로 예술의 경계를 허물다"
1581,1581,문화,"K팝 스타 B, 솔로 데뷔 음반 발매 앞두고 기대감 증폭"
1582,1582,문화,"유명 연극 배우 C, 오랜만에 복귀작을 통해 열연력 재발견"
1583,1583,문화,"국립현대미술관, 유명 화가 D의 전시회 개최"
1584,1584,문화,"젊은 감독 E, 독특한 영화 세계관으로 시선 강탈"
1585,1585,문화,"한국전통문화센터, 해외인들에게 한국 문화 체험 프로그램 진행"
1586,1586,문화,"국내 대표 만화 작가 F, 새로운 웹소설 출간"
1587,1587,문화,"유명 사진작가 G, 자연의 아름다움을 담은 사진집 발매"
1588,1588,문화,"인기 웹툰 작가 H, TV 드라마화 섭외 논란에 휩싸이자 공식 입장 전달"
1589,1589,문화,"전통 공예품 제조 기술, 세계 무대에서 인정받아 한국 문화 홍보에 기여"
1590,1590,문화,"영화 A, 국내 개봉 첫주 상영 관객 수 폭발적 증가"
1591,1591,문화,"음악 페스티벌 B, 유명 가수들과 다양한 공연으로 화려하게 진행"
1592,1592,문화,"독립영화 C, 아카데미상 후보 지정되면서 주목받아 국내 예술계 기대감 높아짐"
1593,1593,문화,"신예 작가 D, 장편소설로 문학계 뜨거운 논쟁 불러일으키며 베스트셀러 순위 진입"
1594,1594,문화,"전통 드라마 E, 역사적 사건과 예술성을 동시에 담고 있어 관객들의 높은 평가를 받음"
1595,1595,문화,"미래 유산물 D, 전 세계에서 주목받는 한국의 문화적 흐름 확산"
1596,1596,문화,"현대 미술 F, 새로운 기술을 활용하여 한층 더 발전된 예술 작품 제작"
1597,1597,문화,"인터넷 플랫폼 G, 다양한 콘텐츠를 제공하며 창작 활동에 대한 지원 강화"
1598,1598,문화,"전시회 H, 지역 문화발전에 기여하는 역할을 하며 공간 활성화 효과도 보기 좋음"
1599,1599,문화,"한국 전통 음악 I, 세계적인 음악 평론가들의 호평을 받으며 국제적 인지도 확산"
1600,1600,문화,"문화 예술 지원 정책, 창작 활동 장려 및 문화 산업 육성에 기여"
1601,1601,문화,"국제 문화 교류 프로그램 J, 한국 문화를 세계에 알리는 데 중요한 역할을 함"
1602,1602,문화,"디지털 아트 K, 새로운 예술적 표현 방식으로 관심과 주목을 받으며 미래 예술의 흐름 선도"
1603,1603,문화,"NFT L, 디지털 아티스트들에게 새로운 창작 기회를 제공하며 문화산업 변화에 앞장서고 있음"
1604,1604,문화,"문화예술 교육 프로그램 M, 미래 사회 인재 양성 및 창의력 함양에 중요한 역할을 하고 있음"
1605,1605,문화,"비디오 게임 N, 한국의 문화적 특색을 담아 세계적인 인기를 얻으며 엔터테인먼트 산업 발전"
1606,1606,문화,"VR/AR O, 새로운 기술이 융합된 예술 작품과 콘텐츠를 통해 경험 기반 문화 체험 제공"
1607,1607,문화,"지역문화 축제 P, 지역의 자원을 활용하여 문화적 활력을 불어넣고 지역 경제 활성화에 기여"
1608,1608,과학/기술,"인공지능, 챗봇으로 대화하는 미래는 이제 시작"
1609,1609,과학/기술,"블록체인 기술, 금융 산업의 새로운 변革을 주도"
1610,1610,과학/기술,"3D 프린팅으로 제작된 인간 장기, 의료 분야에 큰 기대감"
1611,1611,과학/기술,미세한 센서로 건강 상태 실시간 모니터링 가능해짐
1612,1612,과학/기술,"우주 개발, 화성 초기 생명체 발견 목표로 활동"
1613,1613,과학/기술,"자율 주행 자동차 기술, 안전 및 효율성 향상에 기여"
1614,1614,과학/기술,"가스 흡수형 태양광 패널, 에너지 문제 해결의 열쇠?"
1615,1615,과학/기술,"나노 소재, 미래 의료 기술 발전에 새로운 가능성 제시"
1616,1616,과학/기술,"빅 데이터 분석, 맞춤형 서비스와 개인 맞춤 학습 도모"
1617,1617,과학/기술,"VR/AR 기술, 교육 및 엔터테인먼트 분야 혁신 선도"
1618,1618,과학/기술,"로봇 공학, 산업 자동화 및 인간 활동 효율성 증대"
1619,1619,과학/기술,"생명공학 연구, 노화 방지 및 질병 치료 전망"
1620,1620,과학/기술,"과학자, 우주 비행에 필요한 새로운 추진 시스템 개발"
1621,1621,과학/기술,"AI 기반 의료 진단 시스템, 정확도와 효율성 향상"
1622,1622,과학/기술,"우주 탐사, 새로운 행성 발견 및 은하계 연구 진행"
1623,1623,과학/기술,"디지털 화폐, 금융 시스템 변화에 큰 영향 미칠 것으로 전망"
1624,1624,과학/기술,"인공 지능 기반 창작 활동, 예술 분야의 새로운 가능성 열기"
1625,1625,과학/기술,"사이버 보안 기술 발전, 정보 위협 대응 강화"
1626,1626,과학/기술,"지구 온난화 대책, 탄소 배출 감축 및 재생 에너지 개발 추진"
1627,1627,과학/기술,"과학자들, 신종 바이러스 연구 통해 질병 예방책 모색"
1628,1628,과학/기술,"에너지 저장 기술 발전, 태양광 및 풍력 발전 활용 확대"
1629,1629,과학/기술,"음성 인식 기술 향상, 스마트 기기 사용 편의성 증대"
1630,1630,과학/기술,"실시간 통역 시스템 개발, 글로벌 의사소통 효율성 높이기"
1631,1631,과학/기술,"인공지능 기반 자동차 운행 시스템, 사고 예방 및 안전성 강화"
1632,1632,과학/기술,"DNA 분석 기술 발전, 개인 맞춤형 의료 서비스 제공 가능"
1633,1633,과학/기술,"3D 모델링, 건축 및 디자인 분야에 새로운 혁신 가져옴"
1634,1634,과학/기술,우주 관측소에서 새로운 별과 행성 발견
1635,1635,과학/기술,"바이오 공학 연구, 인공 조직 제작 및 질병 치료 방법 개발"
1636,1636,과학/기술,"기술 진보로 인한 사회 변화, 윤리적 문제 고민 증가"
1637,1637,과학/기술,"인공지능 기반 교육 플랫폼, 개인별 학습 속도와 수준 맞춤형 학습 제공"
1638,1638,과학/기술,"소프트웨어 개발 자동화, 효율성 향상 및 개발 시간 단축"
1639,1639,과학/기술,"전자 장치의 소형화, 스마트폰 및 웨어러블 기기 발전에 기여"
1640,1640,과학/기술,"다익년 기술 개발, 에너지 사용량 감소 및 환경 보호에 도움"
1641,1641,과학/기술,"생명 유전체 연구, 질병 예측 및 치료 방법 개선"
1642,1642,과학/기술,"인공 감각 시스템 개발, 로봇의 인간과 같은 능력 향상"
1643,1643,과학/기술,"스마트 도시 구축 추진, 효율성을 높이고 환경 문제 해결"
1644,1644,과학/기술,기술 발전으로 인한 새로운 일자리 창출 및 산업 변화
1645,1645,과학/기술,"음성 데이터 분석 기술 개발, 고객 행동 분석 및 마케팅 전략 개선"
1646,1646,과학/기술,"컴퓨터 시스템 성능 향상, 대량 데이터 처리 용이"
1647,1647,과학/기술,"프로그래밍 언어 발전, 코드 작성 효율성 증대 및 복잡성 감소"
1648,1648,과학/기술,광학 기술 발전으로 인한 의료 진단 정확도 향상
1649,1649,과학/기술,"5G 통신 기술 확산, 빠른 속도와 안정적인 연결 제공"
1650,1650,과학/기술,"사이버 공격 방어 시스템 강화, 개인 정보 보호 확대"
1651,1651,과학/기술,"현실 증강 기술 활용, 교육 및 엔터테인먼트 분야 혁신"
1652,1652,과학/기술,"디지털 미디어 콘텐츠 생산, 다양한 플랫폼에서 소비자 참여 유도"
1653,1653,과학/기술,"블록체인 기술 적용, 공정성 확보 및 투명성 증대"
1654,1654,과학/기술,"서비스 로봇 개발, 주거 및 사회생활 편의성 향상"
1655,1655,과학/기술,"유전자 편집 기술 발전, 질병 치료 및 농업 생산성 향상에 기여"
1656,1656,과학/기술,"3D 프린팅 활용, 의료 분야에서 개인 맞춤형 장치 제작 가능해짐"
1657,1657,과학/기술,"생체 인식 시스템 개발, 보안 및 접근 제어 강화"
1658,1658,과학/기술,"음이온 기술 적용, 건강 관리 및 환경 오염 해결에 기여"
1659,1659,과학/기술,"자율 주행 자동차 안전성 향상, AI 기반 기술 도입"
1660,1660,과학/기술,"생명공학 연구, 새로운 질병 치료법 개발"
1661,1661,과학/기술,"인공지능 활용, 의료 진단 정확도 및 효율성 증대"
1662,1662,과학/기술,"나노 기술 적용, 에너지 저장 용량 향상"
1663,1663,과학/기술,"디지털 환경 구축, 교육 및 학습 경험 개선"
1664,1664,과학/기술,"3D 프린팅 기술 발전, 제품 디자인 및 제조의 새로운 가능성 창출"
1665,1665,과학/기술,기술 진보로 인한 사회적 변화에 대한 대비 필요
1666,1666,과학/기술,"다양한 분야에서 AI 적용 확대, 산업 혁신 추진"
1667,1667,과학/기술,"우주 항공 기술 발전, 우주 관측 및 과학 연구 활성화"
1668,1668,과학/기술,"사이버 공간의 안정성 확보, 사이버 범죄 예방 및 대응 강화"
1669,1669,과학/기술,"인공지능 기반 의료 진단 시스템, 질병 조기 진단 및 치료 효과 향상"
1670,1670,과학/기술,"재생 에너지 기술 발전, 지속 가능한 에너지 생태계 구축"
1671,1671,과학/기술,"빅 데이터 분석 활용, 사회 문제 해결 및 정책 수립 지원"
1672,1672,과학/기술,"5G 통신 네트워크 확산, 스마트 시티 개발 및 IoT 서비스 고도화"
1673,1673,과학/기술,"블록체인 기술 활용, 금융 거래 안전성 확보 및 투명성 증대"
1674,1674,과학/기술,"인공지능 기반 콘텐츠 제작, 창의성과 효율성 향상"
1675,1675,과학/기술,"생물 공학 연구, 환경 오염 해결 및 새로운 자원 개발"
1676,1676,과학/기술,"3D 프린팅 기술 활용, 건축 산업에서 디자인 및 건설 효율성 증대"
1677,1677,과학/기술,"사이버 보안 시스템 강화, 개인 정보보호 및 사이버 범죄 방지"
1678,1678,과학/기술,기술 진보로 인한 사회적 불평등 해소 노력 필요
1679,1679,과학/기술,"나노 기술 적용, 의료 분야에서 치료 효과 향상 및 약물 전달 시스템 개발"
1680,1680,과학/기술,"인공지능 기반 자동화 시스템 도입, 산업 생산성 향상"
1681,1681,과학/기술,"3D 프린팅 기술 활용, 개인 맞춤형 제품 제작 가능해짐"
1682,1682,과학/기술,"우주 공간 탐사 활발히 진행, 새로운 행성 발견 및 우주 원자재 확보 노력"
1684,1684,과학/기술,"스마트 기기 사용 증가, 데이터 보안 및 개인정보 보호 중요성 강조"
1685,1685,과학/기술,"인공지능 기반 의사결정 시스템 도입, 효율성 및 정확성 향상"
1686,1686,스포츠,"한국 축구 국가대표팀, 아시아컵 우승 목표 향해 열띤 준비"
1687,1687,스포츠,"김연아 선수, 깜짝 은퇴 발표 '눈물' 유발"
1688,1688,스포츠,"박찬호, KBO 리그 홈런왕 경쟁 앞두고 최고의 활약"
1689,1689,스포츠,"전국 대학 야구대회, 강팀들의 승부욕과 청량한 경기장 분위기"
1690,1690,스포츠,"손흥민 선수, 프리미어리그 득점왕 경합 '열강'!"
1691,1691,스포츠,새로운 스타 발굴! U-20 축구 국가대표팀 대상전 결승 진출
1692,1692,스포츠,"올림픽 스피드스케이팅, 아이젠호거 이탈리아 선수의 파격적인 승리"
1693,1693,스포츠,"KBL 신인, 김민규 선수 뜨거운 데뷔 활약하며 기록 달성"
1694,1694,스포츠,"트랙앤필드 대회, 국제 스타들 열띤 경쟁과 새로운 기록 갈망"
1695,1695,스포츠,"프로농구 드래프트 이벤트, 유망 주자들의 미래를 향한 기대감 고조"
1696,1696,스포츠,"K리그, 뜨거운 팬덤 속에서 역사적인 승리와 스릴만점 경기"
1697,1697,스포츠,"레저 스포츠 시장 성장, 건강과 여가 활동의 새로운 트렌드"
1698,1698,스포츠,"한국 선수, UFC 라운딩 무지개를 바탕으로 화려한 승리!"
1699,1699,스포츠,"아시아 골프 대회, 한국 선수들의 강력한 전망"
1700,1700,스포츠,"배구 국가대표팀, 올림픽 예선 통과하며 꿈을 향해 나아간다"
1701,1701,스포츠,"실내 스포츠 시장 확장, 팬들에게 다채로운 경험 제공"
1702,1702,스포츠,"K리그 클래식, 강력한 타이틀 경쟁과 감동적인 승부!"
1703,1703,스포츠,"전국 축구 대회, 지역별 팀들의 열정적인 경기와 화려한 무대"
1704,1704,스포츠,"새로운 스포츠 트렌드, 전 세계를 사로잡는 흥미진진함"
1705,1705,스포츠,"E스포츠 게임 대회, 최고의 선수들이 선보이는 날카로운 승부"
1706,1706,스포츠,"심사숙제? 이번 프로야구 시즌, 재밌는 경기 진행과 새로운 레벨!"
1707,1707,스포츠,"인터넷 스트리밍 플랫폼, 라이브 스포츠 콘텐츠 확대 및 팬 참여 증가"
1708,1708,스포츠,"스포츠 기업의 혁신적인 도전, 최첨단 기술 활용을 통한 경험 향상"
1709,1709,스포츠,"독특하고 신선한 스포츠 콘텐츠 창출, 새로운 팬층 확보 위한 노력"
1710,1710,스포츠,"팬들의 응원, 스포츠 아티스트들을 만든 열정과 기쁨!"
1711,1711,스포츠,전 세계인의 관심을 사로잡는 대규모 스포츠 이벤트 진행
1712,1712,스포츠,"스포츠 기술 발전, 팬들의 경험을 더욱 풍부하게 만들기 위한 노력"
1713,1713,스포츠,"환경 보호를 위한 스포츠 활동, 지속가능한 개발과 책임감"
1714,1714,스포츠,인공지능이 스포츠 분석에 기여하는 새로운 시대 도래
1715,1715,스포츠,"스포츠 기자들의 독보적인 시각과 깊은 해석, 팬들에게 새로운 정보 제공"
1716,1716,스포츠,"스포츠 리더의 역할 강화, 사회적 책임 이행을 통한 긍정적 영향력 확산"
1717,1717,스포츠,"다문화 스포츠 문화 조성, 포용성을 향한 노력"
1718,1718,스포츠,"여성 스포츠 선수들의 성장과 발전, 장벽 무너뜨리고 가능성 개척!"
1719,1719,스포츠,"스포츠를 통한 국제 협력 증진, 공동의 목표 달성을 위한 동기 부여"
1720,1720,스포츠,"올림픽, 세계인들의 열정을 하나로 모으는 기쁨과 의미 있는 자리"
1721,1721,스포츠,팬덤 문화와 스포츠 경쟁의 조화로운 관계 구축 노력
1722,1722,스포츠,"스포츠 캠핑, 새로운 트렌드 속에서 자연과 활동을 동시에 즐기기!"
1723,1723,스포츠,"소셜 미디어, 스포츠 팬들의 소통 플랫폼으로 확고히 자리매김"
1724,1724,스포츠,"스포츠 콘텐츠의 다양화, 팬들에게 더욱 풍성한 경험 제공하기 위한 노력"
1725,1725,스포츠,"AI 기반 스포츠 데이터 분석 시스템 도입, 효율성 향상 및 전략적 활용"
1726,1726,스포츠,"글로벌 스포츠 대회, 국가 이미지 제고 및 국제적 위상 강화에 기여"
1727,1727,스포츠,"스포츠 교육의 중요성 부각, 건강하고 긍정적인 성장을 위한 토대 마련"
1728,1728,스포츠,"지역 사회를 중심으로 하는 스포츠 활동 증진, 공동체 정신 함양 및 지역 경제 활성화"
1729,1729,스포츠,"스포츠 리더십 교육 확산, 미래 사회에 필요한 역량 강화"
1730,1730,스포츠,"스포츠 기업의 사회적 책임 실천, 지속 가능한 발전을 위한 노력"
1731,1731,스포츠,"인형 스포츠 시장 성장, 새로운 소비 트렌드와 팬들의 관심 증가"
1732,1732,스포츠,"다양한 장애 스포츠 활동 지원, 포용성 확대 및 사회 통합 노력"
1733,1733,스포츠,"스포츠를 통한 자원봉사 활동 활성화, 지역 사회에 기여하고 나눔의 정신 강화"
1734,1734,스포츠,"스포츠 건강관리 프로그램 제공, 개인의 건강 증진 및 질병 예방 위한 지원"
1735,1735,스포츠, 스포츠 콘텐츠의 창조적 발전을 통한 새로운 시각 제시 및 문화 콘텐츠 확장
1736,1736,스포츠,"스포츠 기업과 스타트업 협력 강화, 혁신적인 기술 개발 및 서비스 제공 노력"
1737,1737,스포츠,"스포츠 데이터 분석 기반 맞춤형 스폰서십 모델 개발, 지속 가능한 수익 창출 방안 모색"
1738,1738,스포츠,스포츠 경기의 온라인 플랫폼 확대를 통한 전 세계 팬들에게 접근성 향상 및 새로운 관람 경험 제공
1739,1739,스포츠,"스포츠 선수들의 정신 건강 관리 중요성 강조, 스트레스 대처 방식 교육 및 상담 지원 확대"
1740,1740,스포츠,"다양한 인종과 문화의 사람들이 함께 즐길 수 있는 스포츠 환경 조성, 포용적이고 공정한 사회 구축 노력"
1741,1741,스포츠,"스포츠를 통한 국제 교류 증진, 갈등 해소 및 평화로운 세계 건설을 위한 기여"
1742,1742,스포츠,"스포츠 경기의 안전 확보 및 관중 보호 강화, 안전하고 쾌적한 스포츠 환경 조성 노력"
1743,1743,스포츠,"스포츠 교육과정의 질 개선, 선수들의 전문성 향상 및 국제 경쟁력 강화"
1744,1744,스포츠,"스포츠 리더십 프로그램 개발, 사회적 책임을 중시하는 선도적인 리더 양성"
1745,1745,스포츠,스포츠 기술 발전으로 인한 새로운 경기 형태와 규칙 개정 필요성 검토
1746,1746,스포츠,"온라인 스포츠 커뮤니티 활성화, 팬들의 소통과 정보 공유 확대"
1747,1747,스포츠,"스포츠 기업의 지속 가능한 발전 방안 모색, 환경 보호 및 사회적 책임 실현 노력"
1748,1748,국제,미중 갈등 심화: 남중해 영역에서 군함 충돌 사고 발생
1749,1749,국제,"EU, 러시아에 추가 제재 부과… 긴장 고조"
1750,1750,국제,"北한, 장거리 미사일 발사… 국제 사회 경계심 고취"
1751,1751,국제,우크라이나 전쟁 지속… 동유럽 국가들 비무기 지원 확대
1752,1752,국제,오세아니아 지역 강풍으로 인해 주요 도시 피해 발생
1753,1753,국제,"G20 정상회의, 글로벌 경제 위기에 대한 대응 논의 본격화"
1754,1754,국제,"UN, 아프리카 식량 위기 심각성을 경고… 구호 지원 활동 확대"
1755,1755,국제,미국과 중국의 무역 갈등 재점화… 세계 경제에 불안감 고조
1756,1756,국제,"인도, 우주탐사 프로그램 확대… 달 착륙 목표 설정"
1757,1757,국제,"아랍 국가, 시리아 내전 종식을 위한 평화협상 재개"
1758,1758,국제,"유럽 연합, 인권 기준 부족한 중국 기업 제품 수입 금지"
1759,1759,국제,북한의 군사력 증강 우려 속… 미국과 한국 합동 훈련 강화
1760,1760,국제,"중국, 공군 비행기 오버플라이 의혹… 태평양 지역 불안 상황 심화"
1761,1761,국제,"러시아, 국제 연합 안전보장이사회 위원권에 대한 영향력 강화 추세"
1762,1762,국제,"아프리카 국가들, 기후 변화 대응 위한 협력 체계 구축 논의"
1763,1763,국제,"WHO, 세계적인 팬데믹 확산 우려… 감염병 예방 및 치료 기술 개발 본격화"
1764,1764,국제,미국과 러시아 간 신장전 도발 가능성에 대한 경고
1765,1765,국제,"유럽 연합, 코로나19 백신 접종률을 높이기 위한 노력 강화"
1766,1766,국제,중국의 경제 성장 감속 속… 세계 경제에 부정적인 영향 전망
1767,1767,국제,북한의 핵무기 개발 프로그램 진행… 국제 사회 비판 가열
1768,1768,국제,"아프리카 국가, 지하자원 개발을 통한 경제 발전 노력"
1769,1769,국제,동남아시아 지역 강수량 증가로 인해 홍수 피해 발생
1770,1770,국제,"중국과 러시아, 경제 및 군사 협력 강화… 세계 질서 변화 우려"
1771,1771,국제,북한의 국경 불법 입출국 사건으로 인한 국제 사회 비난
1772,1772,국제,"미국 대선 후보들, 외교 정책에 대한 공약 발표"
1773,1773,국제,"유럽 연합, 중동 지역의 이란-이스라엘 갈등 해결 위해 노력"
1774,1774,국제,아프리카에서 최근 발생한 에볼라 바이러스 유행… 국제 사회 경계심 고조
1775,1775,국제,북한의 인권 문제에 대한 국제적인 비판 확산
1776,1776,국제,"중국과 러시아, 세계 금융 시스템 독점하려는 시도… 미국 반대"
1777,1777,국제,"미국 대선후보들, 북한 핵 위협에 대한 대응 방안 논의"
1778,1778,국제,"유럽 연합, 인공지능 기술 경쟁력 강화 위한 정책 발표"
1779,1779,국제,북한의 군사적 자주 독립 운동 활성화… 국제 사회 비관적인 전망
1780,1780,국제,"중국과 러시아, 공군 합동훈련 진행… 세계 안보에 대한 우려 증가"
1781,1781,국제,"아프리카 국가들, 코로나19 팬데믹 상황 해결을 위한 협력 체계 구축 논의"
1782,1782,국제,미국과 중국의 무역 갈등 재점화… 세계 경제 불안감 고조
1783,1783,국제,"유럽 연합, 러시아에 대한 군사적 지원 확대… 우크라이나 전쟁 지속"
1784,1784,국제,"북한, 외교 활동 강화… 국제 사회와의 관계 개선 위한 노력"
1785,1785,국제,"인도, 대기업 기술 개발 투자 증가… 세계 경쟁력 강화"
1786,1786,국제,"중국, 인공지능 분야 연구 확대… 미래 기술 우위 확보 목표"
1787,1787,국제,"아랍 국가들, 시리아 내전 종식을 위한 평화 협상 재개 논의"
1788,1788,국제,미국과 러시아 간 군사적 대립 위험 증가… 국제 사회 불안감 고조
1789,1789,국제,"유럽 연합, 북한 인권 문제에 대한 비판 강화… 국제적인 압박 수도 모색"
1790,1790,국제,"북한, 외교 활동 확대… 국제 사회와의 관계 개선 위한 노력"
1791,1791,국제,중국과 러시아 간 경제적 협력 강화 추세… 세계 질서 변화 우려
1793,1793,국제,"미국 대선 후보들, 북한 핵 위협에 대한 대응 방안 논의"
1794,1794,국제,"북한, 군사력 증강 노력… 국제 사회 비판과 우려 고조"
1795,1795,문화,"국내 작가 '흥행' 열풍, 글로벌 시장 진출 가속화"
1796,1796,문화,"전통 공예품의 새로운 매력, 국제적 인기를 얻고 있습니다."
1797,1797,문화,"K팝 뮤직비디오, 아름다운 영상미와 음악적 감성을 동시에 선사"
1798,1798,문화,"독립영화, 창작자들의 열정과 독창적인 스토리로 관객 공감"
1799,1799,문화,"전통문화의 가치 재발견, 미래를 향한 끊임없는 발전!"
1800,1800,문화,"젊은 세대가 주도하는 예술 트렌드, 새로운 화풍을 선보입니다."
1801,1801,문화,신예 예술가들의 상징적인 작품으로 문화 현장 활성화
1802,1802,문화,"뮤지컬 열풍, 관객들에게 감동과 즐거움을 선사합니다."
1803,1803,문화,"디지털 아트의 혁신적인 모습, 새로운 미디어 환경 변화"
1804,1804,문화,"인공지능이 만든 예술 작품, 윤리적 논쟁과 창의성을 두고 한층 심화"
1805,1805,문화,"한국의 전통문학, 세계에 알리는 글로벌 프로젝트 추진"
1806,1806,문화,"소셜 미디어를 활용한 문화 콘텐츠 확산, 새로운 교류 공간 형성"
1807,1807,문화,아르바이트하며 예술을 향해 나서는 꿈꾸는 청년들
1808,1808,문화,"문화예술 분야의 취업 문제, 정부 지원과 민관 협력 필요성 강조"
1809,1809,문화,지역 축제와 문화 행사가 활기찬 사회 분위기를 조성합니다.
1810,1810,문화,역사를 통해 살펴보는 한국 문화의 정체성 재발견
1811,1811,문화,"문화 콘텐츠 산업, 세계 시장에서 경쟁력 확보 위한 노력"
1812,1812,문화,"국내 유명 미술관, 새로운 전시 공간 확대 및 다양한 프로그램 개발"
1813,1813,문화,전통 음악과 현대 음악의 조합으로 탄생하는 신화적인 사운드
1814,1814,문화,"문화예술 정책, 사회 발전과 문화적 풍요로움을 위한 중요 요소"
1815,1815,문화,"한국 문화의 세계화, 다양한 국가와의 교류 및 공감대 형성"
1816,1816,문화,인터넷 플랫폼에서 활발히 펼쳐지는 디지털 문화 콘텐츠
1817,1817,문화,비디오 게임 개발 시장의 성장과 한국 게임 산업의 글로벌 경쟁력 강화
1818,1818,문화,"국제적인 예술 행사 참여, 한국 문화의 세계적 위상 제고"
1819,1819,문화,"문화예술 창작 활동 지원 확대, 문화 발전을 위한 정책 추진"
1820,1820,문화,"한국의 전통 의상, 현대적인 감각과 접목된 새로운 디자인으로 재탄생"
1821,1821,문화,"젊은 예술가들이 주도하는 트렌디한 패션 스타일, 문화적 변화를 반영"
1822,1822,문화,"한국 영화의 세계적 인지도 향상, 국제 영화제에서 높은 평가 받기"
1823,1823,문화,전통 음식과 현대적인 요리 기법이 조화롭게 어우러진 새로운 시대 맛
1824,1824,문화,"문화 콘텐츠 산업의 성장 동력, 창의력을 바탕으로 지속 가능한 발전 추구"
1825,1825,문화,"유네스코 세계문화유산 등재, 한국 문화의 우수성 국제적으로 인정받음"
1826,1826,문화,새로운 미디어 기술과 문화 예술의 조합으로 탄생하는 독창적인 표현 양식
1827,1827,문화,"한국 드라마의 성공 전략 분석, 글로벌 팬들에게 매력을 선사하는 요소"
1828,1828,문화,"디지털 시대에 맞는 문화 콘텐츠 확산 방안 모색, 사회적 참여 유도"
1829,1829,문화,"문화예술 교육의 중요성 부각, 미래 세대의 창조적 역량 함양"
1830,1830,문화,글로벌 사회 속에서 한국 문화를 세계와 공유하는 노력 강화
1831,1831,문화,"디지털 플랫폼을 활용한 문화 콘텐츠 접근성 확대, 모든 사람에게 문화 향유 기회 제공"
1832,1832,사회,지역 경제 활성화 위한 새로운 지원 정책 발표
1833,1833,사회,빈곤층 지원 강화: 사회복지 프로그램 확대 추진
1834,1834,사회,교육 불평등 해소를 위한 맞춤형 교육 시스템 도입 논의
1835,1835,사회,사회적 분열 심화 우려: 다양성 존중 및 소통 증진 노력 필요
1836,1836,사회,"청년 취업난 지속, 창업 지원 확대 요청"
1837,1837,사회,기후 변화 대응 사회적 책임 강조: 친환경 생활 실천 캠페인 확산
1838,1838,사회,노인 인구 증가에 따른 사회적 안전망 강화 필요성 제기
1839,1839,사회,다양한 문화 이해를 위한 국제 교류 프로그램 활성화
1840,1840,사회,여성 권리 보호 및 성평등 추진: 여성 참여 확대 위한 정책 논의
1841,1841,사회,인공지능 발전과 사회 변화: 윤리적 문제와 해결 방안 모색
1842,1842,사회,"소외계층 지원 강화, 공동체 의식 제고를 통한 사회 통합 촉진"
1843,1843,사회,사회적 약자 보호 철저: 장애인 지원 및 인권 보장 확대
1844,1844,사회,기업의 사회 책임 강조: 환경 보호 및 지역 사회 발전에 기여
1845,1845,사회,문화 콘텐츠 개발과 도시 이미지 제고: 예술 활동 지원 및 공간 조성
1846,1846,사회,"지역 의료 시스템 개선, 건강 증진 노력 지속"
1847,1847,사회,사회적 책임 강조하는 기업 경영 모델 확산 추진
1848,1848,사회,환경 문제에 대한 사회적 인식 제고: 녹색 생활 및 친환경 기술 도입
1849,1849,사회,일자리 창출 및 경제 활성화: 정부 지원 및 민간 투자 유치 노력
1850,1850,사회,사회 통합을 위한 다문화 사회 조성 노력 지속
1851,1851,사회,미래 사회를 준비하는 교육: 인공지능 시대에 필요한 역량 강화
1852,1852,사회,사이버 범죄 예방 및 대응 강화: 디지털 기술 발전과 함께 증가하는 위협
1853,1853,사회,노동 시장 변화에 적응: 창업 지원 및 직업 교육 확대
1854,1854,사회,인권 보호와 사회 정의 실현: 차별 해소 노력 지속
1855,1855,사회,사회적 약자를 위한 정책 지원 강화: 특정 집단 소외 현상 개선
1856,1856,사회,지역 주민 참여 활성화: 지역 문제 해결과 공동체 발전을 위한 노력
1857,1857,사회,국가 보안 강화와 시민 자유의 균형: 사이버 공격 대응 및 테러 예방
1858,1858,사회,사회적 분위기 개선 노력: 정서적 안정 및 공동체 의식 확산
1859,1859,사회,지속 가능한 사회 발전을 위한 국제 협력 강화
1860,1860,사회,인공지능 윤리 논의 활성화: 인간 중심 사회 구축 방안 모색
1861,1861,사회,사회 변화에 따른 새로운 역할과 책임 제시: 개인의 참여와 의식 중요성 강조
1862,1862,사회,소통과 상호 이해를 통한 공동체 형성 노력: 다양성 존중 및 포용적인 사회 구축
1863,1863,사회,사회적 문제 해결을 위한 시민 활동 지원 및 참여 장려
1864,1864,사회,"미래 도시 모델 개발: 지속 가능성, 기술 융합, 그리고 사회 통합"
1865,1865,사회,가치관 변화에 따른 새로운 사회 운동 등장: 개인의 목소리 더욱 중요해짐
1866,1866,사회,사회적 불안 감소 및 안정적인 사회 질서 유지 노력 지속
1867,1867,사회,시민 참여를 통한 정책 결정 과정 투명성 확보 노력
1868,1868,사회,새로운 사회 문제 해결을 위한 연구 개발 지원 및 혁신 도모
1869,1869,사회,사회적 약자에 대한 인식 개선: 차별 없는 공평하고 포용적인 사회 만들기
1870,1870,사회,미래 기술 발전과 사회 변화: 새로운 기회 창출 및 위험 관리
1871,1871,사회,국제 협력을 통한 공동 문제 해결: 글로벌 사회 시민 참여 확대
1872,1872,경제,"통화비율 인상 우려, 국내 주식 시장 하락세 확산"
1873,1873,경제,전기 가격 상승으로 소비 심층 위축 전망
1874,1874,경제,"美 금리 인상에 따른 외환시장 혼란, 달러 강세 지속"
1875,1875,경제,IT 업계 불황 속 빅데이터 분야 성장 가속화
1876,1876,경제,"스타트업 투자 활성화, 새로운 경제 성장동력으로 주목"
1877,1877,경제,"중국 경제 위축 심각, 세계경제에 영향 확산"
1878,1878,경제,"정부 재정 부담 증가, 과감한 정책 개혁 필요성 제기"
1879,1879,경제,NFT 및 메타버스 투자 열풍 냉기를 맞이하는 가? 
1880,1880,경제,"디지털 전환 기업, 경쟁력 강화 위한 혁신 기술 도입"
1881,1881,경제,"ESG 투자 트렌드 확산, 기업 지속가능성 중요성 부각"
1882,1882,경제,"인공지능 활용, 산업 생산성 향상 및 새로운 일자리 창출"
1883,1883,경제,반도체 수급 불균형 해소 위한 정부 지원 확대
1884,1884,경제,"글로벌 에너지 가격 상승, 국내 협력 시스템 구축 필요"
1885,1885,경제,수출 활성화 위해 FTA 체결 노력 본격화
1886,1886,경제,"국제 금융기관, 한국 경제 성장 전망 조정"
1887,1887,경제,"고용 불안 해소, 청년층 취업 지원 정책 강화 추진"
1888,1888,경제,"최저임금 인상 논의 심화, 소비 트렌드 변화 관찰"
1889,1889,경제,"국내 농산물 수출 증가, 경제 지표 개선에 기여"
1890,1890,경제,"부동산 시장 안정화 방안 모색, 과열 가능성 제어"
1891,1891,경제,"핀테크 혁신, 금융 서비스 접근성 향상"
1892,1892,경제,"블록체인 기술 활용 확대, 투명하고 안전한 거래 환경 구축"
1893,1893,경제,"비즈니스 분석 솔루션 수요 증가, 데이터 기반 의사 결정 중요성 강조"
1894,1894,경제,지속 가능한 경영 모델 구축 필요성 대두
1895,1895,경제,"신용평가 시스템 개선, 투자 및 금융 거래 활성화 도모"
1896,1896,경제,투자 환경 개선 위한 정부 노력 확대
1897,1897,경제,"무역 통계 개선, 국제 경쟁력 강화"
1898,1898,경제,"산업 4.0 추진, 생산성 증대 및 새로운 산업 육성"
1899,1899,경제,"정부 인프라 투자 확대, 경제 성장 동반 효과 기대"
1900,1900,경제,"지방 경제 활성화 방안 마련, 지역 특색 살린 개발 노력 필요"
1901,1901,경제,"중소기업 지원 강화, 창업 및 경쟁력 향상 도모"
1902,1902,경제,"사회적 책임 실천, 지속 가능한 경제 성장 이끌어 나가야"
1903,1903,경제,"국내 소비 증진 정책 추진, 경제 회복 활성화 노력"
1904,1904,경제,"글로벌 협력 강화, 세계 경제 불확실성 해소 위한 노력 필요"
1905,1905,경제,"전기차 시장 확대, 친환경 기술 발전 기여"
1906,1906,경제,"국내 우주 산업 성장, 새로운 기술 개발 및 경쟁력 강화 예상"
1907,1907,경제,"금융 서비스 디지털 전환 가속화, 금융 접근성 향상 및 편의성 증진"
1908,1908,경제,"인재 양성 확대, 미래 사회에 대비한 경제 변화 선도"
1909,1909,경제,시너지 효과 창출 위한 산업 연계 강화 필요
1910,1910,경제,"미래 기술 투자 활성화, 경제 성장 동력 확보 노력"
1911,1911,경제,"국내 헬스케어 시장 성장, 의료기술 발전 및 국민 건강 향상 기여"
1912,1912,경제,"문화예술 산업 활성화, 국가 경쟁력 강화에 기여"
1913,1913,경제,"관광 산업 부흥, 지역 경제 활성화 및 일자리 창출 효과 기대"
1914,1914,경제,"국내 내수 시장 확대, 경제 성장 동반 효과를 가져올 것으로 전망"
1915,1915,경제,"지속 가능한 경제 모델 구축 필요성 강조, 미래 세대를 위한 책임"
1916,1916,경제,"글로벌 협력 강화, 세계 경제 불확실성 해소 위한 노력"
1917,1917,경제,"혁신 기술 개발 및 투자 활성화, 미래 경쟁 우위 확보"
1918,1918,정치,새로운 정책 발표로 여론 민심 공동화 시도
1919,1919,정치,"대선 후보, 지역경제 활성화 약속하며 투표 유권자 설득"
1920,1920,정치,"최근 국내외 경기 불안감 속 대통령 당국, 안정적 경제 정책 전략 논의"
1921,1921,정치,"오늘 민주당 사무총장, 야당에 대한 비판 발언으로 격해"
1922,1922,정치,"새로운 국회 소집 앞두고, 최근 행정부와 법원 갈등 심화"
1923,1923,정치,"국민 불만 해소 위한 정책 추진, 정치권 논란 속 움직임 가시화"
1924,1924,정치,"대내외 위기 상황 속, 지금의 정치 시스템을 재점검해야 할 필요성 제기"
1925,1925,정치,"정당 내부 갈등 확산, 야당 연합 가능성 높아지고 있나?"
1926,1926,정치,최근 국제 정세 변화에 맞춰 한국 정책 방향 전환 논의 활발
1927,1927,정치,국민 의견 반영을 위한 온라인 참여 시스템 도입 추진
1928,1928,정치,"정치 이슈 관련 사회적 감수성 확산, 젊은 세대 주도 운동 발전세"
1929,1929,정치,"신년 기념 오늘 국회 개원식 거행, 각 정당 성명문 전달"
1930,1930,정치,새로운 정책 시안 발표 및 국민 의견 수렴 절차 시작
1931,1931,정치,"정치권의 투명성 강화 노력, 윤리법 개정 논의 최고점에"
1932,1932,정치,"최근 여론 조사 결과, 국민 불신 지수 상승 추세"
1933,1933,정치,"대선 후보들, 선거 운동 본격 시작하며 전략 공개"
1934,1934,정치,국내외 정치 현황과 미래 전망을 담은 분석 보고서 발표
1935,1935,정치,"정치 리더십에 대한 사회적 기대감 증가, 새로운 정치 이념 등장 논의"
1936,1936,정치,최근 국민 여론 변화를 반영한 정책 대비 강화 필요성 제기
1937,1937,정치,세계 주요 국가들의 정치 체제 비교 분석 보고서 발표
1938,1938,정치,정치 관련 교육 프로그램 개선을 위한 협력 네트워크 구축
1939,1939,정치,"여러 정당 간 소통 채널 확대, 정책 협의 활성화 추진"
1940,1940,정치,새로운 기술 발전으로 인해 발생하는 정치적 과제에 대한 논의 진행
1941,1941,정치,지역 사회 문제 해결을 위한 정치 참여 및 연계 강화 노력
1942,1942,정치,정치 분위기 개선과 국민 화합을 위한 노력 기울이려는 시도
1943,1943,정치,국가 안보와 국제 관계 발전에 필요한 정치적 대안 모색
1944,1944,정치,대학생들의 정치 참여 활성화를 위한 교육 및 멘토링 프로그램 운영
1945,1945,정치,지역 사회의 의견을 적극적으로 반영하는 정책 수립 방향 제시
1946,1946,정치,국민과의 소통 강화를 통해 정책 효율성 증대 노력
1947,1947,정치,정치적 이념 갈등 해소 및 상생 추구를 위한 다양한 방법론 모색
1948,1948,정치,최근 국내외 정치 현상 분석 및 미래 전망 발표
1949,1949,정치,세계적인 정치 동향과 한국 정치 환경의 연관성 분석
1950,1950,정치,정치 권력에 대한 시민들의 이해도를 높이는 교육 프로그램 개발
1951,1951,정치,신뢰 기반 사회 구축을 위한 정치 리더십 강화 필요성 제기
1952,1952,정치,대국 간 정치적 갈등 증가로 인한 세계 불안감 심화 현상 분석
1953,1953,정치,정치 개혁에 대한 국민의 요구 및 대응 방안 모색
1954,1954,정치,글로벌 환경 변화 속 한국 정치 시스템의 적응 전략 논의
1955,1955,정치,국제적인 협력 체계를 강화하여 국내외 정치적 상황 해결 노력
1956,1956,정치,정치 참여 활성화 및 시민 의식 함양을 위한 사회적 기반 구축
1957,1957,정치,신뢰와 투명성을 바탕으로 한 지속 가능한 정치 체계 구축 방향 모색
1958,1958,정치,사회 변화에 적응하는 역동적인 정치 시스템 도입 필요성 강조
1959,1959,정치,정치 리더의 책임감과 윤리 의식을 강화하기 위한 노력
1960,1960,정치,정치적 차이를 넘어 사회 통합을 위한 노력 지속
1961,1961,정치,국민의 목소리를 정치 과정에 반영하는 시스템 구축 필요성 제기
1962,1962,과학/기술,"인공지능, 작가를 대체할까? AI 글쓰기 기술 발전에 대한 논란"
1963,1963,과학/기술,우주의 비밀 밝혀내다! 최첨단 천문대로 새로운 별자리 발견
1964,1964,과학/기술,"블록체인 기술, 금융 산업을 뒤흔들것인가?"
1965,1965,과학/기술,나만의 개인 맞춤형 의료: 유전자 분석 기반 질병 예측 시스템 개발
1966,1966,과학/기술,"자율 주행 자동차, 실제 도로에서 안전하게 운행 가능할까?"
1967,1967,과학/기술,"메타버스 열풍! 가상현실 게임 플랫폼 확장, 새로운 소통 방식을 제시"
1968,1968,과학/기술,"3D 프린팅 기술의 발전, 생체 인공 장기 제작 가능성 높아질 것으로 예상"
1969,1969,과학/기술,최첨단 바이오 기술로 노화 치료 가능할까?
1970,1970,과학/기술,"새로운 에너지원 개발, 태양광 발전 효율 급격히 증가!"
1971,1971,과학/기술,"음성 인식 기술의 발전, 스마트 기기와 자연스러운 대화 가능해짐"
1972,1972,과학/기술,빅데이터 분석으로 사회 문제 해결에 도움?
1973,1973,과학/기술,로봇이 창작! AI 예술 작품 경쟁 열려 논란 초래
1974,1974,과학/기술,"가상현실 훈련 프로그램, 현실 세계 적용 가능성 증대"
1975,1975,과학/기술,"스마트홈 기술 발전, 안전하고 편리한 거주 환경 구축"
1976,1976,과학/기술,3D 바이오 프린팅으로 인간 조직 재생 가능할까?
1977,1977,과학/기술,우주의 새로운 탐험 시작! 최첨단 우주선으로 은하계 탐사
1978,1978,과학/기술,"광물 자원 고갈 위기, 지속가능한 기술 개발 필요성 부각"
1979,1979,과학/기술,"인공지능 기반 의료 진단 시스템, 정확도 향상 및 환자 만족도 증대"
1980,1980,과학/기술,"최신 모바일 게임 개발, 현실과 가상현실의 경계 허물고"
1981,1981,과학/기술,생명공학 기술 발전으로 새로운 치료법 탄생
1982,1982,과학/기술,"사이버 보안 위협 심화, AI 기반 공격 방어 시스템 개발 필요성 증대"
1983,1983,과학/기술,"다양한 언어를 배우는 인공지능, 세계 통용 언어 가능할까?"
1984,1984,과학/기술,기후 변화 대응 위한 탄소 포집 기술 연구 활발히 진행 중
1985,1985,과학/기술,"인간과 AI 공동 작업 시스템 구축, 새로운 산업 발전을 이끌 것으로 예상"
1986,1986,과학/기술,네트워크 속도 향상! 5G 통신 기술 확산으로 인터넷 접근성 증대
1987,1987,과학/기술,"실시간 번역 기술 발전, 언어 장벽 해소에 기여"
1988,1988,과학/기술,"현실감 있는 가상현실 게임, 새로운 엔터테인먼트 경험 제공"
1989,1989,과학/기술,"나노기술 활용: 의료, 소재 및 에너지 분야의 혁신 도래 예고"
1990,1990,과학/기술,우주 여행 산업 성장! 민간 기업 주도로 우주 탐사 확대
1991,1991,과학/기술,"AI 기반 자동화 시스템, 생산성 증가와 노동 시간 단축 효과 기대"
1992,1992,과학/기술,재생 가능한 에너지원 개발 및 활용으로 지속 가능한 사회 구축
1993,1993,과학/기술,"인공지능 기반 교육 플랫폼, 개인 맞춤형 학습 경험 제공"
1994,1994,과학/기술,3D 프린팅 기술로 환경 문제 해결에 기여?
1995,1995,스포츠,"이번 시즌 K리그, '흥미진진한 경쟁' 예고"
1996,1996,스포츠,"한국 농구대표팀, 세계 선수권 대회서 '쾌거 달성'"
1997,1997,스포츠,"바이에른 뮌헨, 프리미어 리그 우승을 위한 '강력한 도전'"
1998,1998,스포츠,"축구 전설 크리스티아누 호날두, 새로운 클럽에서 '화려한 활약'"
1999,1999,스포츠,"LPGA 투어 최고 선수들, 한국서 '뜨겁게 싸워'"
2000,2000,스포츠,"올림픽 금메달리스트, 아마추어 선수와 함께하는 '독특한 훈련'"
2001,2001,스포츠,"새로운 스포츠 트렌드, 인체 반응 알아보는 '미래 스포츠'"
2002,2002,스포츠,e스포츠 성장에 발맞춰 '프로페셔널 리그' 확대
2003,2003,스포츠,"철강인 선수들의 열정, '극복하고 다시 일어서는 힘'"
2004,2004,스포츠,"팬들과 함께하는 '전통 스포츠 행사', 에너지 충전!"
2005,2005,스포츠,스포츠 과학 기술 발전으로 '최고의 경기' 만들기
2006,2006,스포츠,"코로나19 팬데믹 이후 스포츠, '새로운 규칙 속에 적응'"
2007,2007,스포츠,"장애인 선수들의 열정과 용기, '우리 모두를 감동시키다'"
2008,2008,스포츠,"여성 스포츠 선수들, '타이틀 경쟁'에서 새로운 위상"
2009,2009,스포츠,"스포츠 시청 방법 변화, '온라인 플랫폼' 주목받아"
2010,2010,스포츠,"젊은 세대를 위한 스포츠 콘텐츠, '창의적인 접근'"
2011,2011,스포츠,"글로벌 스포츠 이벤트 기획, 국제적 인지도 높이기"
2012,2012,스포츠,"스포츠 경기 중 '실시간 채팅', 팬 참여 확대 예상"
2013,2013,스포츠,"AI 기술 활용, 스포츠 분석 시스템 고도화"
2014,2014,스포츠,"스포츠 기업의 새로운 전략, '팬들과 소통하는 방식'"
2015,2015,스포츠,"사회적 책임, 스포츠 행사에서 중요성 부각"
2016,2016,스포츠,"지속 가능한 스포츠 발전, '환경 보호'와 함께"
2017,2017,스포츠,"스포츠 교육 프로그램 확대, '건강하고 즐거운 생활'"
