기술,사회,정치,세계,스포츠,경제,문화
삼성전자,노동실태,국정원장,중국 해외투자 안전도,프로농구,경제,만화
5G,정보대학,朴대통령,페루 대선,K리그,금리,독립선언문
중소기업,교육부,김정은,이스라엘 정보당국,월드컵,환율,사진전
블록체인,어린이안전,북한,경상수지 흑자,손흥민,증시,경기대회
AI,장애인,통일부,푸틴 철군 계획,야구,주식,도서관
인공지능,사회복지,오늘,캄보디아 살인,맨유,부동산,미술전
스마트폰,고용,외교,한국 애니메이션,도박,은행,문화제
웨어러블,국내경제,군사,신흥시장 상승,메츠 신더퍼드,기업,예술
네이버,코로나바이러스,경제,IS 지중해 해상력,엘플컵,유통업,올림픽
아이폰,랜섬웨어,민생,미군 폴란드 무기 보관,심판,보험,동엽문상
CES,자동화,주요 이슈,유엔 북한 강화,농구 감독,제조업,수능
KT,미래산업,,구마모토 진동,이강주,임금,신간
SK텔레콤,중재해,,브라질 탄핵,김재환,투자,여행
LG전자,보험,,美·인도 작전 사망,수원 삼성 블루윙즈,합병,골프대전
DJI,교육,,IMF총회,리베라,출시,마케팅
CJ,의료,,바레인 아랍의봄 시위,아로마시티,경쟁,미술관
통신사,환경,,예멘 반정부 긴급 면담,,발전,힐링
디스플레이,문화예술,,정보관 북 문제 이견없다,,고용,남원소식
지문인식,사회문제,,중국 여성 기결혼,,정책,춘학단
목성,정치,,무림 입국금지,,,
로봇,,,스페인 노란 리버 철거,,,
메타버스,,,美·中 군사적 충돌 가능성,,,
챗봇,,,,,,
AR,,,,,,
VR,,,,,,
데이터,,,,,,
보험금,,,,,,
투자,,,,,,
경쟁,,,,,,
